"State","Patients who reported that staff definitely gave care in a professional way and the facility was clean","Patients who reported that staff somewhat gave care in a professional way or the facility was somewhat clean","Patients who reported that staff did not give care in a professional way or the facility was not clean","Facilities and staff linear mean score","Patients who reported that staff definitely communicated about what to expect during and after the procedure","Patients who reported that staff somewhat communicated about what to expect during and after the procedure","Patients who reported that staff did not communicate about what to expect during and after the procedure","Communication about your procedure linear mean score","Patients who gave the facility a rating of 9 or 10 on a scale from 0 (lowest) to 10 (highest)","Patients who gave the facility a rating of 7 or 8 on a scale from 0 (lowest) to 10 (highest)","Patients who gave the facility a rating of 0 to 6 on a scale from 0 (lowest) to 10 (highest)","Patients' rating of the facility linear mean score","Patients who reported YES they would DEFINITELY recommend the facility to family or friends","Patients who reported PROBABLY YES they would recommend the facility to family or friends","Patients who reported NO, they would not recommend the facility to family or friends","Patients recommending the facility linear mean score","Number of Sampled Patients","Number of Completed Surveys","Survey Response Rate Percent","Start Date","End Date"
Alabama,97,3,0,99,93,6,1,96,90,8,2,96,89,9,2,95,35080,8963,26,07/01/2024,06/30/2025
Alaska,97,3,0,99,94,5,1,96,91,7,2,96,88,10,2,95,6243,1680,27,07/01/2024,06/30/2025
American Samoa,,,,,,,,,,,,,,,,,,,,,
Arizona,97,3,0,98,90,8,2,94,87,10,3,95,85,12,3,94,106919,28498,27,07/01/2024,06/30/2025
Arkansas,97,3,0,98,92,6,2,95,90,8,2,96,89,9,2,95,28539,6217,22,07/01/2024,06/30/2025
California,96,4,0,98,91,7,2,94,87,10,3,95,85,12,3,94,338458,75796,22,07/01/2024,06/30/2025
Colorado,97,3,0,98,92,7,1,95,89,9,2,95,86,12,2,94,86213,22076,26,07/01/2024,06/30/2025
Commonwealth of the Northern Marianas Islands,,,,,,,,,,,,,,,,,,,,,
Connecticut,98,2,0,99,93,6,1,96,92,6,2,96,90,8,2,96,38164,11021,29,07/01/2024,06/30/2025
Delaware,97,3,0,99,94,5,1,96,91,7,2,96,89,9,2,95,20911,6405,31,07/01/2024,06/30/2025
District of Columbia,97,2,1,98,93,5,2,96,85,13,2,94,83,15,2,93,3771,538,14,07/01/2024,06/30/2025
Florida,97,3,0,98,91,7,2,95,89,9,2,95,87,10,3,94,306144,79936,26,07/01/2024,06/30/2025
Georgia,97,3,0,98,93,5,2,96,90,8,2,95,88,9,3,95,115727,27116,24,07/01/2024,06/30/2025
Guam,,,,,,,,,,,,,,,,,,,,,
Hawaii,97,3,0,98,91,7,2,95,88,10,2,95,87,11,2,94,14598,4535,31,07/01/2024,06/30/2025
Idaho,98,2,0,99,92,6,2,95,90,8,2,96,89,9,2,95,21511,6216,29,07/01/2024,06/30/2025
Illinois,97,3,0,98,93,5,2,95,90,8,2,95,86,12,2,94,74144,20125,27,07/01/2024,06/30/2025
Indiana,97,3,0,98,92,6,2,95,89,9,2,95,87,10,3,94,88341,22307,25,07/01/2024,06/30/2025
Iowa,98,2,0,99,93,6,1,96,91,8,1,95,89,10,1,96,15979,5313,33,07/01/2024,06/30/2025
Kansas,98,2,0,99,92,6,2,95,91,7,2,96,88,10,2,95,37562,9145,24,07/01/2024,06/30/2025
Kentucky,97,3,0,98,92,6,2,95,89,9,2,95,88,10,2,95,22502,6041,27,07/01/2024,06/30/2025
Louisiana,98,2,0,99,93,6,1,96,91,7,2,96,90,8,2,96,46461,11321,24,07/01/2024,06/30/2025
Maine,98,2,0,99,93,6,1,95,91,7,2,96,91,7,2,96,7068,2268,32,07/01/2024,06/30/2025
Maryland,97,3,0,98,92,6,2,95,88,10,2,95,86,12,2,94,136432,35362,26,07/01/2024,06/30/2025
Massachusetts,98,2,0,99,92,6,2,95,89,9,2,95,89,9,2,95,50232,14212,28,07/01/2024,06/30/2025
Michigan,98,2,0,99,92,6,2,95,92,7,1,96,89,9,2,95,69405,19037,28,07/01/2024,06/30/2025
Minnesota,98,2,0,99,93,6,1,96,91,8,1,96,89,9,2,95,54992,17289,32,07/01/2024,06/30/2025
Mississippi,97,3,0,98,92,6,2,95,89,9,2,95,89,9,2,95,38015,8824,23,07/01/2024,06/30/2025
Missouri,97,3,0,99,92,7,1,96,91,7,2,96,88,10,2,95,55149,14904,27,07/01/2024,06/30/2025
Montana,98,2,0,99,93,6,1,96,91,7,2,96,89,9,2,96,10802,3153,29,07/01/2024,06/30/2025
Nebraska,98,2,0,99,92,7,1,95,90,8,2,95,87,11,2,95,23706,6141,26,07/01/2024,06/30/2025
Nevada,97,3,0,98,90,8,2,94,87,11,2,95,85,12,3,94,42451,8323,20,07/01/2024,06/30/2025
New Hampshire,98,2,0,99,94,5,1,96,92,6,2,96,91,7,2,96,18077,4970,28,07/01/2024,06/30/2025
New Jersey,97,3,0,98,92,6,2,95,90,8,2,95,88,10,2,95,152210,36184,24,07/01/2024,06/30/2025
New Mexico,96,3,1,98,90,8,2,94,86,11,3,94,85,12,3,93,11297,3092,27,07/01/2024,06/30/2025
New York,97,3,0,98,91,7,2,94,88,10,2,95,86,12,2,94,124137,27169,22,07/01/2024,06/30/2025
North Carolina,98,2,0,99,94,5,1,96,92,6,2,96,89,9,2,95,101119,23838,24,07/01/2024,06/30/2025
North Dakota,98,2,0,99,95,4,1,97,92,7,1,96,91,8,1,96,5283,1616,31,07/01/2024,06/30/2025
Ohio,97,3,0,98,92,6,2,95,90,8,2,95,88,10,2,95,122246,32810,27,07/01/2024,06/30/2025
Oklahoma,97,3,0,98,91,7,2,94,88,10,2,95,87,11,2,94,24273,5671,24,07/01/2024,06/30/2025
Oregon,98,2,0,99,92,7,1,95,88,10,2,95,87,11,2,95,59813,17364,29,07/01/2024,06/30/2025
Pennsylvania,98,2,0,99,93,6,1,96,91,7,2,96,88,10,2,95,119706,34073,29,07/01/2024,06/30/2025
Puerto Rico,96,3,1,98,90,8,2,94,94,5,1,97,91,9,0,98,1240,269,23,07/01/2024,06/30/2025
Rhode Island,98,2,0,99,92,6,2,95,92,6,2,96,90,7,3,95,7613,1896,25,07/01/2024,06/30/2025
South Carolina,98,2,0,99,93,6,1,96,91,7,2,96,90,8,2,96,36757,9831,27,07/01/2024,06/30/2025
South Dakota,98,2,0,99,93,6,1,96,89,9,2,95,87,12,1,95,4414,1440,33,07/01/2024,06/30/2025
Tennessee,97,3,0,99,93,6,1,96,90,8,2,96,89,9,2,95,103171,26555,26,07/01/2024,06/30/2025
Texas,97,3,0,98,92,6,2,95,90,8,2,96,88,9,3,95,314360,67752,22,07/01/2024,06/30/2025
Utah,97,3,0,99,92,7,1,95,90,8,2,95,87,11,2,95,24407,6757,28,07/01/2024,06/30/2025
Vermont,99,1,0,99,93,6,1,96,91,7,2,96,93,6,1,98,1255,376,30,07/01/2024,06/30/2025
Virgin Islands,,,,,,,,,,,,,,,,,,,,,
Virginia,97,3,0,99,92,7,1,96,90,9,1,96,88,10,2,95,60460,15933,26,07/01/2024,06/30/2025
Washington,97,3,0,99,92,7,1,96,89,9,2,95,88,10,2,95,90258,23193,26,07/01/2024,06/30/2025
West Virginia,98,2,0,99,93,6,1,96,94,5,1,97,94,5,1,97,3046,941,32,07/01/2024,06/30/2025
Wisconsin,98,2,0,99,94,5,1,96,91,7,2,96,88,10,2,95,48217,14749,31,07/01/2024,06/30/2025
Wyoming,97,3,0,99,92,7,1,96,89,9,2,95,88,10,2,95,8776,2428,28,07/01/2024,06/30/2025
