"State","HBIPS-2 Measure Description","S HBIPS-2 Overall Rate Per 1000","S HBIPS-2 Overall Num","S HBIPS-2 Overall Den","HBIPS-3 Measure Description","S HBIPS-3 Overall Rate Per 1000","S HBIPS-3 Overall Num","S HBIPS-3 Overall Den","SMD Measure Description","S SMD %","SUB-2/-2a Measure Description","S SUB-2 %","S SUB-2a %","SUB-3/-3a Measure Description","S SUB-3 %","S SUB-3a %","TOB-3/-3a Measure Description","S TOB-3 %","S TOB-3a %","TR-1 Measure Description","S TR-1 %","Start Date","End Date","FAPH Measure Description","S FAPH-30 %","S FAPH-7 %","FAPH Measure Start Date","FAPH Measure End Date","MedCont Measure Description","S MedCont %","MedCont Measure Start Date","MedCont Measure End Date","READM-30-IPF Measure Desc","S READM-30-IPF # IPFs Worse","S READM-30-IPF # IPFs Same","S READM-30-IPF # IPFs Better","S READM-30-IPF # IPFs Too Few","READM-30-IPF Start Date","READM-30-IPF End Date","IMM-2 Measure Description","S IMM-2 %","Flu Season Start Date","Flu Season End Date"
AK,Hours of physical-restraint use,0.12,160.14,53616,Hours of seclusion use,0.34,435.1,53616,Screening for metabolic disorders (SMD),89,Alcohol use brief intervention provided or offered,50,33,Alcohol and other drug use disorder treatment provided or offered at discharge,77,63,Tobacco use treatment provided or offered at discharge,68,1,Transition record with specified elements received by discharged patients (TR1),37,01/01/2024,12/31/2024,Percent of patients receiving follow-up care within 30 days (FAPH-30) or within 7 days (FAPH-7) after psychiatric hospitalization,50,23.8,07/01/2023,06/30/2024,Medication Continuation Following Inpatient Psychiatric Discharge,61.3,07/01/2022,06/30/2024,Patients readmitted to any hospital within 30 days of discharge from the inpatient psychiatric facility (READM-30-IPF),0,2,0,1,07/01/2022,06/30/2024,Influenza immunization (IPFQR-IMM-2),64,10/01/2024,03/31/2025
AL,Hours of physical-restraint use,0.06,703.36,476604,Hours of seclusion use,0.29,3338.4,476604,Screening for metabolic disorders (SMD),85,Alcohol use brief intervention provided or offered,79,85,Alcohol and other drug use disorder treatment provided or offered at discharge,78,72,Tobacco use treatment provided or offered at discharge,64,37,Transition record with specified elements received by discharged patients (TR1),77,01/01/2024,12/31/2024,Percent of patients receiving follow-up care within 30 days (FAPH-30) or within 7 days (FAPH-7) after psychiatric hospitalization,56.3,31.4,07/01/2023,06/30/2024,Medication Continuation Following Inpatient Psychiatric Discharge,80.7,07/01/2022,06/30/2024,Patients readmitted to any hospital within 30 days of discharge from the inpatient psychiatric facility (READM-30-IPF),0,36,0,5,07/01/2022,06/30/2024,Influenza immunization (IPFQR-IMM-2),84,10/01/2024,03/31/2025
AR,Hours of physical-restraint use,0.15,1055.67,293012,Hours of seclusion use,0.07,492.72,293012,Screening for metabolic disorders (SMD),90,Alcohol use brief intervention provided or offered,34,61,Alcohol and other drug use disorder treatment provided or offered at discharge,70,47,Tobacco use treatment provided or offered at discharge,57,9,Transition record with specified elements received by discharged patients (TR1),76,01/01/2024,12/31/2024,Percent of patients receiving follow-up care within 30 days (FAPH-30) or within 7 days (FAPH-7) after psychiatric hospitalization,58.2,37.5,07/01/2023,06/30/2024,Medication Continuation Following Inpatient Psychiatric Discharge,78.6,07/01/2022,06/30/2024,Patients readmitted to any hospital within 30 days of discharge from the inpatient psychiatric facility (READM-30-IPF),0,29,0,1,07/01/2022,06/30/2024,Influenza immunization (IPFQR-IMM-2),76,10/01/2024,03/31/2025
AZ,Hours of physical-restraint use,0.19,4468.94,992198,Hours of seclusion use,0.09,2047.83,992198,Screening for metabolic disorders (SMD),83,Alcohol use brief intervention provided or offered,68,74,Alcohol and other drug use disorder treatment provided or offered at discharge,64,56,Tobacco use treatment provided or offered at discharge,60,12,Transition record with specified elements received by discharged patients (TR1),70,01/01/2024,12/31/2024,Percent of patients receiving follow-up care within 30 days (FAPH-30) or within 7 days (FAPH-7) after psychiatric hospitalization,69.4,49,07/01/2023,06/30/2024,Medication Continuation Following Inpatient Psychiatric Discharge,76.4,07/01/2022,06/30/2024,Patients readmitted to any hospital within 30 days of discharge from the inpatient psychiatric facility (READM-30-IPF),2,28,1,3,07/01/2022,06/30/2024,Influenza immunization (IPFQR-IMM-2),78,10/01/2024,03/31/2025
CA,Hours of physical-restraint use,0.51,25987.23,2120240,Hours of seclusion use,0.41,20995.01,2120240,Screening for metabolic disorders (SMD),84,Alcohol use brief intervention provided or offered,58,76,Alcohol and other drug use disorder treatment provided or offered at discharge,67,56,Tobacco use treatment provided or offered at discharge,51,18,Transition record with specified elements received by discharged patients (TR1),60,01/01/2024,12/31/2024,Percent of patients receiving follow-up care within 30 days (FAPH-30) or within 7 days (FAPH-7) after psychiatric hospitalization,52.9,33.6,07/01/2023,06/30/2024,Medication Continuation Following Inpatient Psychiatric Discharge,74.5,07/01/2022,06/30/2024,Patients readmitted to any hospital within 30 days of discharge from the inpatient psychiatric facility (READM-30-IPF),8,73,4,9,07/01/2022,06/30/2024,Influenza immunization (IPFQR-IMM-2),77,10/01/2024,03/31/2025
CO,Hours of physical-restraint use,0.28,2515.6,368893,Hours of seclusion use,0.16,1460.8,368893,Screening for metabolic disorders (SMD),76,Alcohol use brief intervention provided or offered,76,73,Alcohol and other drug use disorder treatment provided or offered at discharge,82,70,Tobacco use treatment provided or offered at discharge,65,15,Transition record with specified elements received by discharged patients (TR1),73,01/01/2024,12/31/2024,Percent of patients receiving follow-up care within 30 days (FAPH-30) or within 7 days (FAPH-7) after psychiatric hospitalization,61.9,39.9,07/01/2023,06/30/2024,Medication Continuation Following Inpatient Psychiatric Discharge,69.1,07/01/2022,06/30/2024,Patients readmitted to any hospital within 30 days of discharge from the inpatient psychiatric facility (READM-30-IPF),1,14,0,2,07/01/2022,06/30/2024,Influenza immunization (IPFQR-IMM-2),82,10/01/2024,03/31/2025
CT,Hours of physical-restraint use,0.81,7581.5,391237,Hours of seclusion use,0.38,3554.27,391237,Screening for metabolic disorders (SMD),84,Alcohol use brief intervention provided or offered,73,76,Alcohol and other drug use disorder treatment provided or offered at discharge,83,77,Tobacco use treatment provided or offered at discharge,52,29,Transition record with specified elements received by discharged patients (TR1),43,01/01/2024,12/31/2024,Percent of patients receiving follow-up care within 30 days (FAPH-30) or within 7 days (FAPH-7) after psychiatric hospitalization,67.2,43.2,07/01/2023,06/30/2024,Medication Continuation Following Inpatient Psychiatric Discharge,82,07/01/2022,06/30/2024,Patients readmitted to any hospital within 30 days of discharge from the inpatient psychiatric facility (READM-30-IPF),0,24,0,3,07/01/2022,06/30/2024,Influenza immunization (IPFQR-IMM-2),61,10/01/2024,03/31/2025
DC,Hours of physical-restraint use,0.17,470.41,112096,Hours of seclusion use,0.12,316.59,112096,Screening for metabolic disorders (SMD),77,Alcohol use brief intervention provided or offered,40,67,Alcohol and other drug use disorder treatment provided or offered at discharge,80,60,Tobacco use treatment provided or offered at discharge,62,10,Transition record with specified elements received by discharged patients (TR1),54,01/01/2024,12/31/2024,Percent of patients receiving follow-up care within 30 days (FAPH-30) or within 7 days (FAPH-7) after psychiatric hospitalization,71,60.1,07/01/2023,06/30/2024,Medication Continuation Following Inpatient Psychiatric Discharge,66.8,07/01/2022,06/30/2024,Patients readmitted to any hospital within 30 days of discharge from the inpatient psychiatric facility (READM-30-IPF),0,4,0,1,07/01/2022,06/30/2024,Influenza immunization (IPFQR-IMM-2),87,10/01/2024,03/31/2025
DE,Hours of physical-restraint use,0.03,137.16,178525,Hours of seclusion use,0.03,107.52,178525,Screening for metabolic disorders (SMD),84,Alcohol use brief intervention provided or offered,80,87,Alcohol and other drug use disorder treatment provided or offered at discharge,90,71,Tobacco use treatment provided or offered at discharge,53,1,Transition record with specified elements received by discharged patients (TR1),57,01/01/2024,12/31/2024,Percent of patients receiving follow-up care within 30 days (FAPH-30) or within 7 days (FAPH-7) after psychiatric hospitalization,55.7,29.7,07/01/2023,06/30/2024,Medication Continuation Following Inpatient Psychiatric Discharge,79,07/01/2022,06/30/2024,Patients readmitted to any hospital within 30 days of discharge from the inpatient psychiatric facility (READM-30-IPF),0,5,0,0,07/01/2022,06/30/2024,Influenza immunization (IPFQR-IMM-2),72,10/01/2024,03/31/2025
FL,Hours of physical-restraint use,0.10,4811.05,1955466,Hours of seclusion use,0.08,3568.2,1955466,Screening for metabolic disorders (SMD),75,Alcohol use brief intervention provided or offered,56,79,Alcohol and other drug use disorder treatment provided or offered at discharge,73,66,Tobacco use treatment provided or offered at discharge,55,22,Transition record with specified elements received by discharged patients (TR1),52,01/01/2024,12/31/2024,Percent of patients receiving follow-up care within 30 days (FAPH-30) or within 7 days (FAPH-7) after psychiatric hospitalization,54.5,32.7,07/01/2023,06/30/2024,Medication Continuation Following Inpatient Psychiatric Discharge,67.1,07/01/2022,06/30/2024,Patients readmitted to any hospital within 30 days of discharge from the inpatient psychiatric facility (READM-30-IPF),19,41,0,0,07/01/2022,06/30/2024,Influenza immunization (IPFQR-IMM-2),72,10/01/2024,03/31/2025
GA,Hours of physical-restraint use,0.31,5879.09,796067,Hours of seclusion use,0.08,1435.68,796067,Screening for metabolic disorders (SMD),78,Alcohol use brief intervention provided or offered,69,78,Alcohol and other drug use disorder treatment provided or offered at discharge,60,51,Tobacco use treatment provided or offered at discharge,59,21,Transition record with specified elements received by discharged patients (TR1),66,01/01/2024,12/31/2024,Percent of patients receiving follow-up care within 30 days (FAPH-30) or within 7 days (FAPH-7) after psychiatric hospitalization,54.2,30.7,07/01/2023,06/30/2024,Medication Continuation Following Inpatient Psychiatric Discharge,70.6,07/01/2022,06/30/2024,Patients readmitted to any hospital within 30 days of discharge from the inpatient psychiatric facility (READM-30-IPF),1,36,0,3,07/01/2022,06/30/2024,Influenza immunization (IPFQR-IMM-2),74,10/01/2024,03/31/2025
HI,Hours of physical-restraint use,0.02,6.22,11351,Hours of seclusion use,0.00,0.57,11351,Screening for metabolic disorders (SMD),31,Alcohol use brief intervention provided or offered,26,70,Alcohol and other drug use disorder treatment provided or offered at discharge,69,64,Tobacco use treatment provided or offered at discharge,14,11,Transition record with specified elements received by discharged patients (TR1),48,01/01/2024,12/31/2024,Percent of patients receiving follow-up care within 30 days (FAPH-30) or within 7 days (FAPH-7) after psychiatric hospitalization,82.8,44.8,07/01/2023,06/30/2024,Medication Continuation Following Inpatient Psychiatric Discharge,Not Available,07/01/2022,06/30/2024,Patients readmitted to any hospital within 30 days of discharge from the inpatient psychiatric facility (READM-30-IPF),0,1,0,1,07/01/2022,06/30/2024,Influenza immunization (IPFQR-IMM-2),60,10/01/2024,03/31/2025
IA,Hours of physical-restraint use,0.84,2274.75,112927,Hours of seclusion use,0.57,1541.48,112927,Screening for metabolic disorders (SMD),89,Alcohol use brief intervention provided or offered,57,48,Alcohol and other drug use disorder treatment provided or offered at discharge,66,47,Tobacco use treatment provided or offered at discharge,43,7,Transition record with specified elements received by discharged patients (TR1),68,01/01/2024,12/31/2024,Percent of patients receiving follow-up care within 30 days (FAPH-30) or within 7 days (FAPH-7) after psychiatric hospitalization,72.4,43.9,07/01/2023,06/30/2024,Medication Continuation Following Inpatient Psychiatric Discharge,83,07/01/2022,06/30/2024,Patients readmitted to any hospital within 30 days of discharge from the inpatient psychiatric facility (READM-30-IPF),0,13,0,4,07/01/2022,06/30/2024,Influenza immunization (IPFQR-IMM-2),85,10/01/2024,03/31/2025
ID,Hours of physical-restraint use,0.20,589.09,122689,Hours of seclusion use,0.20,589.58,122689,Screening for metabolic disorders (SMD),92,Alcohol use brief intervention provided or offered,86,89,Alcohol and other drug use disorder treatment provided or offered at discharge,88,70,Tobacco use treatment provided or offered at discharge,87,28,Transition record with specified elements received by discharged patients (TR1),77,01/01/2024,12/31/2024,Percent of patients receiving follow-up care within 30 days (FAPH-30) or within 7 days (FAPH-7) after psychiatric hospitalization,64,39.9,07/01/2023,06/30/2024,Medication Continuation Following Inpatient Psychiatric Discharge,71.2,07/01/2022,06/30/2024,Patients readmitted to any hospital within 30 days of discharge from the inpatient psychiatric facility (READM-30-IPF),0,9,0,1,07/01/2022,06/30/2024,Influenza immunization (IPFQR-IMM-2),95,10/01/2024,03/31/2025
IL,Hours of physical-restraint use,0.23,5132.04,935523,Hours of seclusion use,0.09,2010.26,935523,Screening for metabolic disorders (SMD),84,Alcohol use brief intervention provided or offered,60,79,Alcohol and other drug use disorder treatment provided or offered at discharge,73,56,Tobacco use treatment provided or offered at discharge,61,27,Transition record with specified elements received by discharged patients (TR1),60,01/01/2024,12/31/2024,Percent of patients receiving follow-up care within 30 days (FAPH-30) or within 7 days (FAPH-7) after psychiatric hospitalization,59.1,33.4,07/01/2023,06/30/2024,Medication Continuation Following Inpatient Psychiatric Discharge,76.8,07/01/2022,06/30/2024,Patients readmitted to any hospital within 30 days of discharge from the inpatient psychiatric facility (READM-30-IPF),5,39,1,7,07/01/2022,06/30/2024,Influenza immunization (IPFQR-IMM-2),79,10/01/2024,03/31/2025
IN,Hours of physical-restraint use,0.45,7241.57,669914,Hours of seclusion use,0.41,6679.1,674778,Screening for metabolic disorders (SMD),64,Alcohol use brief intervention provided or offered,54,77,Alcohol and other drug use disorder treatment provided or offered at discharge,62,54,Tobacco use treatment provided or offered at discharge,45,18,Transition record with specified elements received by discharged patients (TR1),57,01/01/2024,12/31/2024,Percent of patients receiving follow-up care within 30 days (FAPH-30) or within 7 days (FAPH-7) after psychiatric hospitalization,61.8,36.2,07/01/2023,06/30/2024,Medication Continuation Following Inpatient Psychiatric Discharge,78.5,07/01/2022,06/30/2024,Patients readmitted to any hospital within 30 days of discharge from the inpatient psychiatric facility (READM-30-IPF),2,42,1,6,07/01/2022,06/30/2024,Influenza immunization (IPFQR-IMM-2),66,10/01/2024,03/31/2025
KS,Hours of physical-restraint use,0.21,532.4,105708,Hours of seclusion use,0.18,446.79,105708,Screening for metabolic disorders (SMD),77,Alcohol use brief intervention provided or offered,44,64,Alcohol and other drug use disorder treatment provided or offered at discharge,58,49,Tobacco use treatment provided or offered at discharge,37,1,Transition record with specified elements received by discharged patients (TR1),55,01/01/2024,12/31/2024,Percent of patients receiving follow-up care within 30 days (FAPH-30) or within 7 days (FAPH-7) after psychiatric hospitalization,66.4,44.4,07/01/2023,06/30/2024,Medication Continuation Following Inpatient Psychiatric Discharge,78.1,07/01/2022,06/30/2024,Patients readmitted to any hospital within 30 days of discharge from the inpatient psychiatric facility (READM-30-IPF),0,16,0,2,07/01/2022,06/30/2024,Influenza immunization (IPFQR-IMM-2),80,10/01/2024,03/31/2025
KY,Hours of physical-restraint use,0.36,3104.62,362899,Hours of seclusion use,0.14,1223.67,362899,Screening for metabolic disorders (SMD),90,Alcohol use brief intervention provided or offered,75,78,Alcohol and other drug use disorder treatment provided or offered at discharge,85,64,Tobacco use treatment provided or offered at discharge,67,14,Transition record with specified elements received by discharged patients (TR1),81,01/01/2024,12/31/2024,Percent of patients receiving follow-up care within 30 days (FAPH-30) or within 7 days (FAPH-7) after psychiatric hospitalization,56.8,31,07/01/2023,06/30/2024,Medication Continuation Following Inpatient Psychiatric Discharge,78.9,07/01/2022,06/30/2024,Patients readmitted to any hospital within 30 days of discharge from the inpatient psychiatric facility (READM-30-IPF),0,27,0,4,07/01/2022,06/30/2024,Influenza immunization (IPFQR-IMM-2),81,10/01/2024,03/31/2025
LA,Hours of physical-restraint use,0.09,1819.37,872410,Hours of seclusion use,0.18,3710.91,878026,Screening for metabolic disorders (SMD),86,Alcohol use brief intervention provided or offered,63,82,Alcohol and other drug use disorder treatment provided or offered at discharge,68,56,Tobacco use treatment provided or offered at discharge,62,18,Transition record with specified elements received by discharged patients (TR1),77,01/01/2024,12/31/2024,Percent of patients receiving follow-up care within 30 days (FAPH-30) or within 7 days (FAPH-7) after psychiatric hospitalization,49.7,31.5,07/01/2023,06/30/2024,Medication Continuation Following Inpatient Psychiatric Discharge,78.1,07/01/2022,06/30/2024,Patients readmitted to any hospital within 30 days of discharge from the inpatient psychiatric facility (READM-30-IPF),5,65,1,5,07/01/2022,06/30/2024,Influenza immunization (IPFQR-IMM-2),80,10/01/2024,03/31/2025
MA,Hours of physical-restraint use,0.24,6250.87,1067009,Hours of seclusion use,0.09,2365.87,1067009,Screening for metabolic disorders (SMD),77,Alcohol use brief intervention provided or offered,57,56,Alcohol and other drug use disorder treatment provided or offered at discharge,75,58,Tobacco use treatment provided or offered at discharge,49,7,Transition record with specified elements received by discharged patients (TR1),66,01/01/2024,12/31/2024,Percent of patients receiving follow-up care within 30 days (FAPH-30) or within 7 days (FAPH-7) after psychiatric hospitalization,72.3,45.2,07/01/2023,06/30/2024,Medication Continuation Following Inpatient Psychiatric Discharge,79.3,07/01/2022,06/30/2024,Patients readmitted to any hospital within 30 days of discharge from the inpatient psychiatric facility (READM-30-IPF),5,42,1,3,07/01/2022,06/30/2024,Influenza immunization (IPFQR-IMM-2),71,10/01/2024,03/31/2025
MD,Hours of physical-restraint use,0.29,2803.32,407766,Hours of seclusion use,0.32,3175.15,407766,Screening for metabolic disorders (SMD),17,Alcohol use brief intervention provided or offered,65,75,Alcohol and other drug use disorder treatment provided or offered at discharge,64,51,Tobacco use treatment provided or offered at discharge,78,3,Transition record with specified elements received by discharged patients (TR1),59,01/01/2024,12/31/2024,Percent of patients receiving follow-up care within 30 days (FAPH-30) or within 7 days (FAPH-7) after psychiatric hospitalization,70.5,47,07/01/2023,06/30/2024,Medication Continuation Following Inpatient Psychiatric Discharge,78.9,07/01/2022,06/30/2024,Patients readmitted to any hospital within 30 days of discharge from the inpatient psychiatric facility (READM-30-IPF),0,3,0,5,07/01/2022,06/30/2024,Influenza immunization (IPFQR-IMM-2),62,10/01/2024,03/31/2025
ME,Hours of physical-restraint use,0.44,1308.76,124939,Hours of seclusion use,1.11,3326.57,124939,Screening for metabolic disorders (SMD),89,Alcohol use brief intervention provided or offered,75,82,Alcohol and other drug use disorder treatment provided or offered at discharge,73,63,Tobacco use treatment provided or offered at discharge,54,18,Transition record with specified elements received by discharged patients (TR1),61,01/01/2024,12/31/2024,Percent of patients receiving follow-up care within 30 days (FAPH-30) or within 7 days (FAPH-7) after psychiatric hospitalization,70.7,45.1,07/01/2023,06/30/2024,Medication Continuation Following Inpatient Psychiatric Discharge,85.1,07/01/2022,06/30/2024,Patients readmitted to any hospital within 30 days of discharge from the inpatient psychiatric facility (READM-30-IPF),0,5,1,2,07/01/2022,06/30/2024,Influenza immunization (IPFQR-IMM-2),78,10/01/2024,03/31/2025
MI,Hours of physical-restraint use,0.55,10521.98,790095,Hours of seclusion use,0.13,2446.06,790095,Screening for metabolic disorders (SMD),81,Alcohol use brief intervention provided or offered,64,68,Alcohol and other drug use disorder treatment provided or offered at discharge,72,46,Tobacco use treatment provided or offered at discharge,63,24,Transition record with specified elements received by discharged patients (TR1),54,01/01/2024,12/31/2024,Percent of patients receiving follow-up care within 30 days (FAPH-30) or within 7 days (FAPH-7) after psychiatric hospitalization,65.9,41.5,07/01/2023,06/30/2024,Medication Continuation Following Inpatient Psychiatric Discharge,87,07/01/2022,06/30/2024,Patients readmitted to any hospital within 30 days of discharge from the inpatient psychiatric facility (READM-30-IPF),1,45,3,7,07/01/2022,06/30/2024,Influenza immunization (IPFQR-IMM-2),73,10/01/2024,03/31/2025
MN,Hours of physical-restraint use,1.20,5683.02,197751,Hours of seclusion use,2.35,11145.53,197751,Screening for metabolic disorders (SMD),87,Alcohol use brief intervention provided or offered,51,65,Alcohol and other drug use disorder treatment provided or offered at discharge,58,48,Tobacco use treatment provided or offered at discharge,35,5,Transition record with specified elements received by discharged patients (TR1),60,01/01/2024,12/31/2024,Percent of patients receiving follow-up care within 30 days (FAPH-30) or within 7 days (FAPH-7) after psychiatric hospitalization,77.3,40.6,07/01/2023,06/30/2024,Medication Continuation Following Inpatient Psychiatric Discharge,91.6,07/01/2022,06/30/2024,Patients readmitted to any hospital within 30 days of discharge from the inpatient psychiatric facility (READM-30-IPF),0,14,3,8,07/01/2022,06/30/2024,Influenza immunization (IPFQR-IMM-2),71,10/01/2024,03/31/2025
MO,Hours of physical-restraint use,0.32,5170.58,663007,Hours of seclusion use,0.13,2081.69,663007,Screening for metabolic disorders (SMD),78,Alcohol use brief intervention provided or offered,48,70,Alcohol and other drug use disorder treatment provided or offered at discharge,56,51,Tobacco use treatment provided or offered at discharge,49,13,Transition record with specified elements received by discharged patients (TR1),59,01/01/2024,12/31/2024,Percent of patients receiving follow-up care within 30 days (FAPH-30) or within 7 days (FAPH-7) after psychiatric hospitalization,58,31,07/01/2023,06/30/2024,Medication Continuation Following Inpatient Psychiatric Discharge,79.4,07/01/2022,06/30/2024,Patients readmitted to any hospital within 30 days of discharge from the inpatient psychiatric facility (READM-30-IPF),0,25,1,6,07/01/2022,06/30/2024,Influenza immunization (IPFQR-IMM-2),65,10/01/2024,03/31/2025
MS,Hours of physical-restraint use,0.25,1715.55,291536,Hours of seclusion use,0.21,1502.4,291536,Screening for metabolic disorders (SMD),90,Alcohol use brief intervention provided or offered,59,87,Alcohol and other drug use disorder treatment provided or offered at discharge,66,60,Tobacco use treatment provided or offered at discharge,58,11,Transition record with specified elements received by discharged patients (TR1),75,01/01/2024,12/31/2024,Percent of patients receiving follow-up care within 30 days (FAPH-30) or within 7 days (FAPH-7) after psychiatric hospitalization,50.1,27.6,07/01/2023,06/30/2024,Medication Continuation Following Inpatient Psychiatric Discharge,77.1,07/01/2022,06/30/2024,Patients readmitted to any hospital within 30 days of discharge from the inpatient psychiatric facility (READM-30-IPF),4,28,3,3,07/01/2022,06/30/2024,Influenza immunization (IPFQR-IMM-2),69,10/01/2024,03/31/2025
MT,Hours of physical-restraint use,0.34,106.35,13005,Hours of seclusion use,1.16,360.83,13005,Screening for metabolic disorders (SMD),90,Alcohol use brief intervention provided or offered,96,100,Alcohol and other drug use disorder treatment provided or offered at discharge,0,0,Tobacco use treatment provided or offered at discharge,98,0,Transition record with specified elements received by discharged patients (TR1),95,01/01/2024,12/31/2024,Percent of patients receiving follow-up care within 30 days (FAPH-30) or within 7 days (FAPH-7) after psychiatric hospitalization,Not Available,Not Available,07/01/2023,06/30/2024,Medication Continuation Following Inpatient Psychiatric Discharge,Not Available,07/01/2022,06/30/2024,Patients readmitted to any hospital within 30 days of discharge from the inpatient psychiatric facility (READM-30-IPF),Not Available,Not Available,Not Available,Not Available,07/01/2022,06/30/2024,Influenza immunization (IPFQR-IMM-2),71,10/01/2024,03/31/2025
NC,Hours of physical-restraint use,0.14,2582.33,765256,Hours of seclusion use,0.22,3997.15,765256,Screening for metabolic disorders (SMD),87,Alcohol use brief intervention provided or offered,65,81,Alcohol and other drug use disorder treatment provided or offered at discharge,80,72,Tobacco use treatment provided or offered at discharge,59,22,Transition record with specified elements received by discharged patients (TR1),49,01/01/2024,12/31/2024,Percent of patients receiving follow-up care within 30 days (FAPH-30) or within 7 days (FAPH-7) after psychiatric hospitalization,56.9,31.9,07/01/2023,06/30/2024,Medication Continuation Following Inpatient Psychiatric Discharge,76.7,07/01/2022,06/30/2024,Patients readmitted to any hospital within 30 days of discharge from the inpatient psychiatric facility (READM-30-IPF),0,36,0,6,07/01/2022,06/30/2024,Influenza immunization (IPFQR-IMM-2),78,10/01/2024,03/31/2025
ND,Hours of physical-restraint use,0.64,1384.41,89714,Hours of seclusion use,1.34,2878.33,89714,Screening for metabolic disorders (SMD),72,Alcohol use brief intervention provided or offered,56,56,Alcohol and other drug use disorder treatment provided or offered at discharge,74,38,Tobacco use treatment provided or offered at discharge,48,7,Transition record with specified elements received by discharged patients (TR1),53,01/01/2024,12/31/2024,Percent of patients receiving follow-up care within 30 days (FAPH-30) or within 7 days (FAPH-7) after psychiatric hospitalization,68.4,36.5,07/01/2023,06/30/2024,Medication Continuation Following Inpatient Psychiatric Discharge,82.4,07/01/2022,06/30/2024,Patients readmitted to any hospital within 30 days of discharge from the inpatient psychiatric facility (READM-30-IPF),0,6,0,0,07/01/2022,06/30/2024,Influenza immunization (IPFQR-IMM-2),81,10/01/2024,03/31/2025
NE,Hours of physical-restraint use,0.06,169.27,115412,Hours of seclusion use,0.01,35.7,115412,Screening for metabolic disorders (SMD),95,Alcohol use brief intervention provided or offered,67,84,Alcohol and other drug use disorder treatment provided or offered at discharge,89,84,Tobacco use treatment provided or offered at discharge,57,26,Transition record with specified elements received by discharged patients (TR1),71,01/01/2024,12/31/2024,Percent of patients receiving follow-up care within 30 days (FAPH-30) or within 7 days (FAPH-7) after psychiatric hospitalization,69.1,41.2,07/01/2023,06/30/2024,Medication Continuation Following Inpatient Psychiatric Discharge,78.7,07/01/2022,06/30/2024,Patients readmitted to any hospital within 30 days of discharge from the inpatient psychiatric facility (READM-30-IPF),0,6,1,1,07/01/2022,06/30/2024,Influenza immunization (IPFQR-IMM-2),79,10/01/2024,03/31/2025
NH,Hours of physical-restraint use,0.62,1771.05,119981,Hours of seclusion use,2.34,6752.5,119981,Screening for metabolic disorders (SMD),91,Alcohol use brief intervention provided or offered,44,60,Alcohol and other drug use disorder treatment provided or offered at discharge,57,44,Tobacco use treatment provided or offered at discharge,46,15,Transition record with specified elements received by discharged patients (TR1),58,01/01/2024,12/31/2024,Percent of patients receiving follow-up care within 30 days (FAPH-30) or within 7 days (FAPH-7) after psychiatric hospitalization,81.2,55.9,07/01/2023,06/30/2024,Medication Continuation Following Inpatient Psychiatric Discharge,84.1,07/01/2022,06/30/2024,Patients readmitted to any hospital within 30 days of discharge from the inpatient psychiatric facility (READM-30-IPF),0,11,0,1,07/01/2022,06/30/2024,Influenza immunization (IPFQR-IMM-2),69,10/01/2024,03/31/2025
NJ,Hours of physical-restraint use,0.38,9099.6,1001579,Hours of seclusion use,0.10,2519.12,1001579,Screening for metabolic disorders (SMD),93,Alcohol use brief intervention provided or offered,72,87,Alcohol and other drug use disorder treatment provided or offered at discharge,89,82,Tobacco use treatment provided or offered at discharge,78,31,Transition record with specified elements received by discharged patients (TR1),73,01/01/2024,12/31/2024,Percent of patients receiving follow-up care within 30 days (FAPH-30) or within 7 days (FAPH-7) after psychiatric hospitalization,62.5,38.5,07/01/2023,06/30/2024,Medication Continuation Following Inpatient Psychiatric Discharge,83,07/01/2022,06/30/2024,Patients readmitted to any hospital within 30 days of discharge from the inpatient psychiatric facility (READM-30-IPF),3,28,2,6,07/01/2022,06/30/2024,Influenza immunization (IPFQR-IMM-2),89,10/01/2024,03/31/2025
NM,Hours of physical-restraint use,0.12,372.48,132182,Hours of seclusion use,0.14,443.12,132182,Screening for metabolic disorders (SMD),93,Alcohol use brief intervention provided or offered,82,90,Alcohol and other drug use disorder treatment provided or offered at discharge,73,62,Tobacco use treatment provided or offered at discharge,80,40,Transition record with specified elements received by discharged patients (TR1),78,01/01/2024,12/31/2024,Percent of patients receiving follow-up care within 30 days (FAPH-30) or within 7 days (FAPH-7) after psychiatric hospitalization,65.3,39.2,07/01/2023,06/30/2024,Medication Continuation Following Inpatient Psychiatric Discharge,72.9,07/01/2022,06/30/2024,Patients readmitted to any hospital within 30 days of discharge from the inpatient psychiatric facility (READM-30-IPF),0,8,0,0,07/01/2022,06/30/2024,Influenza immunization (IPFQR-IMM-2),76,10/01/2024,03/31/2025
NV,Hours of physical-restraint use,0.09,488.61,237772,Hours of seclusion use,0.21,1169.97,237772,Screening for metabolic disorders (SMD),75,Alcohol use brief intervention provided or offered,48,82,Alcohol and other drug use disorder treatment provided or offered at discharge,71,65,Tobacco use treatment provided or offered at discharge,55,10,Transition record with specified elements received by discharged patients (TR1),58,01/01/2024,12/31/2024,Percent of patients receiving follow-up care within 30 days (FAPH-30) or within 7 days (FAPH-7) after psychiatric hospitalization,48.2,26.8,07/01/2023,06/30/2024,Medication Continuation Following Inpatient Psychiatric Discharge,68.1,07/01/2022,06/30/2024,Patients readmitted to any hospital within 30 days of discharge from the inpatient psychiatric facility (READM-30-IPF),5,11,0,1,07/01/2022,06/30/2024,Influenza immunization (IPFQR-IMM-2),62,10/01/2024,03/31/2025
NY,Hours of physical-restraint use,0.20,12308.55,2527749,Hours of seclusion use,0.15,8818.67,2527749,Screening for metabolic disorders (SMD),83,Alcohol use brief intervention provided or offered,58,76,Alcohol and other drug use disorder treatment provided or offered at discharge,75,57,Tobacco use treatment provided or offered at discharge,48,20,Transition record with specified elements received by discharged patients (TR1),69,01/01/2024,12/31/2024,Percent of patients receiving follow-up care within 30 days (FAPH-30) or within 7 days (FAPH-7) after psychiatric hospitalization,65.4,47.1,07/01/2023,06/30/2024,Medication Continuation Following Inpatient Psychiatric Discharge,83.3,07/01/2022,06/30/2024,Patients readmitted to any hospital within 30 days of discharge from the inpatient psychiatric facility (READM-30-IPF),0,67,5,15,07/01/2022,06/30/2024,Influenza immunization (IPFQR-IMM-2),76,10/01/2024,03/31/2025
OH,Hours of physical-restraint use,0.14,4572.96,1360042,Hours of seclusion use,0.21,6945.42,1360042,Screening for metabolic disorders (SMD),80,Alcohol use brief intervention provided or offered,69,77,Alcohol and other drug use disorder treatment provided or offered at discharge,70,56,Tobacco use treatment provided or offered at discharge,62,16,Transition record with specified elements received by discharged patients (TR1),65,01/01/2024,12/31/2024,Percent of patients receiving follow-up care within 30 days (FAPH-30) or within 7 days (FAPH-7) after psychiatric hospitalization,60.5,35.1,07/01/2023,06/30/2024,Medication Continuation Following Inpatient Psychiatric Discharge,76.6,07/01/2022,06/30/2024,Patients readmitted to any hospital within 30 days of discharge from the inpatient psychiatric facility (READM-30-IPF),0,58,2,8,07/01/2022,06/30/2024,Influenza immunization (IPFQR-IMM-2),73,10/01/2024,03/31/2025
OK,Hours of physical-restraint use,0.06,412.54,267527,Hours of seclusion use,0.15,985.03,267527,Screening for metabolic disorders (SMD),83,Alcohol use brief intervention provided or offered,37,86,Alcohol and other drug use disorder treatment provided or offered at discharge,46,39,Tobacco use treatment provided or offered at discharge,45,9,Transition record with specified elements received by discharged patients (TR1),75,01/01/2024,12/31/2024,Percent of patients receiving follow-up care within 30 days (FAPH-30) or within 7 days (FAPH-7) after psychiatric hospitalization,59.4,32.2,07/01/2023,06/30/2024,Medication Continuation Following Inpatient Psychiatric Discharge,73.5,07/01/2022,06/30/2024,Patients readmitted to any hospital within 30 days of discharge from the inpatient psychiatric facility (READM-30-IPF),0,23,1,1,07/01/2022,06/30/2024,Influenza immunization (IPFQR-IMM-2),77,10/01/2024,03/31/2025
OR,Hours of physical-restraint use,0.32,1429.61,185671,Hours of seclusion use,11.08,49358.86,185671,Screening for metabolic disorders (SMD),75,Alcohol use brief intervention provided or offered,27,62,Alcohol and other drug use disorder treatment provided or offered at discharge,61,49,Tobacco use treatment provided or offered at discharge,41,8,Transition record with specified elements received by discharged patients (TR1),26,01/01/2024,12/31/2024,Percent of patients receiving follow-up care within 30 days (FAPH-30) or within 7 days (FAPH-7) after psychiatric hospitalization,61.9,37.4,07/01/2023,06/30/2024,Medication Continuation Following Inpatient Psychiatric Discharge,78.7,07/01/2022,06/30/2024,Patients readmitted to any hospital within 30 days of discharge from the inpatient psychiatric facility (READM-30-IPF),0,11,0,2,07/01/2022,06/30/2024,Influenza immunization (IPFQR-IMM-2),70,10/01/2024,03/31/2025
PA,Hours of physical-restraint use,0.15,4767.77,1342941,Hours of seclusion use,0.15,4889.05,1342941,Screening for metabolic disorders (SMD),85,Alcohol use brief intervention provided or offered,56,54,Alcohol and other drug use disorder treatment provided or offered at discharge,73,54,Tobacco use treatment provided or offered at discharge,58,13,Transition record with specified elements received by discharged patients (TR1),62,01/01/2024,12/31/2024,Percent of patients receiving follow-up care within 30 days (FAPH-30) or within 7 days (FAPH-7) after psychiatric hospitalization,63.6,39.5,07/01/2023,06/30/2024,Medication Continuation Following Inpatient Psychiatric Discharge,80.8,07/01/2022,06/30/2024,Patients readmitted to any hospital within 30 days of discharge from the inpatient psychiatric facility (READM-30-IPF),0,63,0,6,07/01/2022,06/30/2024,Influenza immunization (IPFQR-IMM-2),81,10/01/2024,03/31/2025
PR,Hours of physical-restraint use,0.13,446.76,139056,Hours of seclusion use,0.03,98.17,139056,Screening for metabolic disorders (SMD),62,Alcohol use brief intervention provided or offered,16,99,Alcohol and other drug use disorder treatment provided or offered at discharge,76,75,Tobacco use treatment provided or offered at discharge,39,32,Transition record with specified elements received by discharged patients (TR1),54,01/01/2024,12/31/2024,Percent of patients receiving follow-up care within 30 days (FAPH-30) or within 7 days (FAPH-7) after psychiatric hospitalization,47.4,27.6,07/01/2023,06/30/2024,Medication Continuation Following Inpatient Psychiatric Discharge,Not Available,07/01/2022,06/30/2024,Patients readmitted to any hospital within 30 days of discharge from the inpatient psychiatric facility (READM-30-IPF),0,2,0,6,07/01/2022,06/30/2024,Influenza immunization (IPFQR-IMM-2),49,10/01/2024,03/31/2025
RI,Hours of physical-restraint use,0.40,2335.64,243529,Hours of seclusion use,0.15,900.71,243529,Screening for metabolic disorders (SMD),90,Alcohol use brief intervention provided or offered,96,93,Alcohol and other drug use disorder treatment provided or offered at discharge,93,79,Tobacco use treatment provided or offered at discharge,66,5,Transition record with specified elements received by discharged patients (TR1),79,01/01/2024,12/31/2024,Percent of patients receiving follow-up care within 30 days (FAPH-30) or within 7 days (FAPH-7) after psychiatric hospitalization,58.8,36.4,07/01/2023,06/30/2024,Medication Continuation Following Inpatient Psychiatric Discharge,76.6,07/01/2022,06/30/2024,Patients readmitted to any hospital within 30 days of discharge from the inpatient psychiatric facility (READM-30-IPF),1,6,0,0,07/01/2022,06/30/2024,Influenza immunization (IPFQR-IMM-2),90,10/01/2024,03/31/2025
SC,Hours of physical-restraint use,0.06,701.2,476382,Hours of seclusion use,0.18,2008.24,476382,Screening for metabolic disorders (SMD),91,Alcohol use brief intervention provided or offered,67,84,Alcohol and other drug use disorder treatment provided or offered at discharge,74,69,Tobacco use treatment provided or offered at discharge,54,16,Transition record with specified elements received by discharged patients (TR1),61,01/01/2024,12/31/2024,Percent of patients receiving follow-up care within 30 days (FAPH-30) or within 7 days (FAPH-7) after psychiatric hospitalization,60.2,33.7,07/01/2023,06/30/2024,Medication Continuation Following Inpatient Psychiatric Discharge,75.8,07/01/2022,06/30/2024,Patients readmitted to any hospital within 30 days of discharge from the inpatient psychiatric facility (READM-30-IPF),0,22,0,3,07/01/2022,06/30/2024,Influenza immunization (IPFQR-IMM-2),76,10/01/2024,03/31/2025
SD,Hours of physical-restraint use,0.25,101.19,17134,Hours of seclusion use,0.27,111.2,17134,Screening for metabolic disorders (SMD),78,Alcohol use brief intervention provided or offered,57,52,Alcohol and other drug use disorder treatment provided or offered at discharge,27,21,Tobacco use treatment provided or offered at discharge,87,1,Transition record with specified elements received by discharged patients (TR1),58,01/01/2024,12/31/2024,Percent of patients receiving follow-up care within 30 days (FAPH-30) or within 7 days (FAPH-7) after psychiatric hospitalization,69.6,35.4,07/01/2023,06/30/2024,Medication Continuation Following Inpatient Psychiatric Discharge,85.8,07/01/2022,06/30/2024,Patients readmitted to any hospital within 30 days of discharge from the inpatient psychiatric facility (READM-30-IPF),0,3,0,0,07/01/2022,06/30/2024,Influenza immunization (IPFQR-IMM-2),58,10/01/2024,03/31/2025
TN,Hours of physical-restraint use,0.31,5216.21,696350,Hours of seclusion use,0.20,3421.27,696350,Screening for metabolic disorders (SMD),81,Alcohol use brief intervention provided or offered,56,70,Alcohol and other drug use disorder treatment provided or offered at discharge,68,45,Tobacco use treatment provided or offered at discharge,58,7,Transition record with specified elements received by discharged patients (TR1),65,01/01/2024,12/31/2024,Percent of patients receiving follow-up care within 30 days (FAPH-30) or within 7 days (FAPH-7) after psychiatric hospitalization,58.3,33.7,07/01/2023,06/30/2024,Medication Continuation Following Inpatient Psychiatric Discharge,78.1,07/01/2022,06/30/2024,Patients readmitted to any hospital within 30 days of discharge from the inpatient psychiatric facility (READM-30-IPF),6,33,0,5,07/01/2022,06/30/2024,Influenza immunization (IPFQR-IMM-2),72,10/01/2024,03/31/2025
TX,Hours of physical-restraint use,0.07,4178.92,2325550,Hours of seclusion use,0.16,8769.47,2325550,Screening for metabolic disorders (SMD),81,Alcohol use brief intervention provided or offered,69,78,Alcohol and other drug use disorder treatment provided or offered at discharge,73,55,Tobacco use treatment provided or offered at discharge,71,21,Transition record with specified elements received by discharged patients (TR1),74,01/01/2024,12/31/2024,Percent of patients receiving follow-up care within 30 days (FAPH-30) or within 7 days (FAPH-7) after psychiatric hospitalization,59.9,36.9,07/01/2023,06/30/2024,Medication Continuation Following Inpatient Psychiatric Discharge,72,07/01/2022,06/30/2024,Patients readmitted to any hospital within 30 days of discharge from the inpatient psychiatric facility (READM-30-IPF),7,75,1,14,07/01/2022,06/30/2024,Influenza immunization (IPFQR-IMM-2),78,10/01/2024,03/31/2025
UT,Hours of physical-restraint use,2.46,10742.26,182304,Hours of seclusion use,0.49,2131.61,182304,Screening for metabolic disorders (SMD),91,Alcohol use brief intervention provided or offered,72,86,Alcohol and other drug use disorder treatment provided or offered at discharge,82,76,Tobacco use treatment provided or offered at discharge,62,29,Transition record with specified elements received by discharged patients (TR1),74,01/01/2024,12/31/2024,Percent of patients receiving follow-up care within 30 days (FAPH-30) or within 7 days (FAPH-7) after psychiatric hospitalization,65.7,42.9,07/01/2023,06/30/2024,Medication Continuation Following Inpatient Psychiatric Discharge,74.6,07/01/2022,06/30/2024,Patients readmitted to any hospital within 30 days of discharge from the inpatient psychiatric facility (READM-30-IPF),0,15,0,1,07/01/2022,06/30/2024,Influenza immunization (IPFQR-IMM-2),64,10/01/2024,03/31/2025
VA,Hours of physical-restraint use,0.65,10009.68,640320,Hours of seclusion use,0.68,10467.99,640320,Screening for metabolic disorders (SMD),90,Alcohol use brief intervention provided or offered,63,75,Alcohol and other drug use disorder treatment provided or offered at discharge,78,73,Tobacco use treatment provided or offered at discharge,43,27,Transition record with specified elements received by discharged patients (TR1),40,01/01/2024,12/31/2024,Percent of patients receiving follow-up care within 30 days (FAPH-30) or within 7 days (FAPH-7) after psychiatric hospitalization,57.7,34.5,07/01/2023,06/30/2024,Medication Continuation Following Inpatient Psychiatric Discharge,74.1,07/01/2022,06/30/2024,Patients readmitted to any hospital within 30 days of discharge from the inpatient psychiatric facility (READM-30-IPF),2,34,1,0,07/01/2022,06/30/2024,Influenza immunization (IPFQR-IMM-2),79,10/01/2024,03/31/2025
VT,Hours of physical-restraint use,0.64,644.75,41653,Hours of seclusion use,0.33,327.37,41653,Screening for metabolic disorders (SMD),26,Alcohol use brief intervention provided or offered,71,54,Alcohol and other drug use disorder treatment provided or offered at discharge,91,91,Tobacco use treatment provided or offered at discharge,28,2,Transition record with specified elements received by discharged patients (TR1),78,01/01/2024,12/31/2024,Percent of patients receiving follow-up care within 30 days (FAPH-30) or within 7 days (FAPH-7) after psychiatric hospitalization,77.4,59.6,07/01/2023,06/30/2024,Medication Continuation Following Inpatient Psychiatric Discharge,78.8,07/01/2022,06/30/2024,Patients readmitted to any hospital within 30 days of discharge from the inpatient psychiatric facility (READM-30-IPF),0,2,0,1,07/01/2022,06/30/2024,Influenza immunization (IPFQR-IMM-2),37,10/01/2024,03/31/2025
WA,Hours of physical-restraint use,0.89,9028.11,420598,Hours of seclusion use,3.91,39501.42,420598,Screening for metabolic disorders (SMD),75,Alcohol use brief intervention provided or offered,46,68,Alcohol and other drug use disorder treatment provided or offered at discharge,59,41,Tobacco use treatment provided or offered at discharge,36,5,Transition record with specified elements received by discharged patients (TR1),47,01/01/2024,12/31/2024,Percent of patients receiving follow-up care within 30 days (FAPH-30) or within 7 days (FAPH-7) after psychiatric hospitalization,54.4,28.8,07/01/2023,06/30/2024,Medication Continuation Following Inpatient Psychiatric Discharge,77,07/01/2022,06/30/2024,Patients readmitted to any hospital within 30 days of discharge from the inpatient psychiatric facility (READM-30-IPF),0,17,2,1,07/01/2022,06/30/2024,Influenza immunization (IPFQR-IMM-2),78,10/01/2024,03/31/2025
WI,Hours of physical-restraint use,0.51,4021.77,328481,Hours of seclusion use,0.95,7453.01,328481,Screening for metabolic disorders (SMD),63,Alcohol use brief intervention provided or offered,65,79,Alcohol and other drug use disorder treatment provided or offered at discharge,65,54,Tobacco use treatment provided or offered at discharge,36,7,Transition record with specified elements received by discharged patients (TR1),45,01/01/2024,12/31/2024,Percent of patients receiving follow-up care within 30 days (FAPH-30) or within 7 days (FAPH-7) after psychiatric hospitalization,61.4,31.3,07/01/2023,06/30/2024,Medication Continuation Following Inpatient Psychiatric Discharge,86,07/01/2022,06/30/2024,Patients readmitted to any hospital within 30 days of discharge from the inpatient psychiatric facility (READM-30-IPF),0,24,0,2,07/01/2022,06/30/2024,Influenza immunization (IPFQR-IMM-2),72,10/01/2024,03/31/2025
WV,Hours of physical-restraint use,0.18,1028.21,243510,Hours of seclusion use,0.06,367.17,243510,Screening for metabolic disorders (SMD),95,Alcohol use brief intervention provided or offered,80,90,Alcohol and other drug use disorder treatment provided or offered at discharge,84,75,Tobacco use treatment provided or offered at discharge,58,17,Transition record with specified elements received by discharged patients (TR1),74,01/01/2024,12/31/2024,Percent of patients receiving follow-up care within 30 days (FAPH-30) or within 7 days (FAPH-7) after psychiatric hospitalization,62.1,34.1,07/01/2023,06/30/2024,Medication Continuation Following Inpatient Psychiatric Discharge,83.1,07/01/2022,06/30/2024,Patients readmitted to any hospital within 30 days of discharge from the inpatient psychiatric facility (READM-30-IPF),0,12,1,1,07/01/2022,06/30/2024,Influenza immunization (IPFQR-IMM-2),80,10/01/2024,03/31/2025
WY,Hours of physical-restraint use,0.08,52.45,28284,Hours of seclusion use,0.10,64.59,28284,Screening for metabolic disorders (SMD),89,Alcohol use brief intervention provided or offered,83,90,Alcohol and other drug use disorder treatment provided or offered at discharge,73,68,Tobacco use treatment provided or offered at discharge,84,16,Transition record with specified elements received by discharged patients (TR1),80,01/01/2024,12/31/2024,Percent of patients receiving follow-up care within 30 days (FAPH-30) or within 7 days (FAPH-7) after psychiatric hospitalization,64.7,31.7,07/01/2023,06/30/2024,Medication Continuation Following Inpatient Psychiatric Discharge,69.4,07/01/2022,06/30/2024,Patients readmitted to any hospital within 30 days of discharge from the inpatient psychiatric facility (READM-30-IPF),0,4,0,1,07/01/2022,06/30/2024,Influenza immunization (IPFQR-IMM-2),85,10/01/2024,03/31/2025
