"Facility ID","Facility Name","Hospital Type","Address","City/Town","State","ZIP Code","County/Parish","Measure ID","Measure Name","Score","Footnote","Start Date","End Date"
050146,CITY OF HOPE HELFORD CLINICAL RESEARCH HOSPITAL,Acute Care Hospitals,1500 E DUARTE ROAD,DUARTE,CA,91010,LOS ANGELES,PCH_26_DOPC,Clostridium Difficile (C.Diff): Patient Days,76313,,07/01/2024,06/30/2025
050146,CITY OF HOPE HELFORD CLINICAL RESEARCH HOSPITAL,Acute Care Hospitals,1500 E DUARTE ROAD,DUARTE,CA,91010,LOS ANGELES,PCH_26_ELIGCASES,Clostridium Difficile (C.Diff): Predicted Cases,84.486,,07/01/2024,06/30/2025
050146,CITY OF HOPE HELFORD CLINICAL RESEARCH HOSPITAL,Acute Care Hospitals,1500 E DUARTE ROAD,DUARTE,CA,91010,LOS ANGELES,PCH_26_NUMERATOR,Clostridium Difficile (C.Diff): Actual Infections,58,,07/01/2024,06/30/2025
050146,CITY OF HOPE HELFORD CLINICAL RESEARCH HOSPITAL,Acute Care Hospitals,1500 E DUARTE ROAD,DUARTE,CA,91010,LOS ANGELES,PCH_26_SIR,Clostridium Difficile (C.Diff): SIR,0.687,,07/01/2024,06/30/2025
050146,CITY OF HOPE HELFORD CLINICAL RESEARCH HOSPITAL,Acute Care Hospitals,1500 E DUARTE ROAD,DUARTE,CA,91010,LOS ANGELES,PCH_27_DOPC,MRSA Bacteremia: Patient Days,76313,,07/01/2024,06/30/2025
050146,CITY OF HOPE HELFORD CLINICAL RESEARCH HOSPITAL,Acute Care Hospitals,1500 E DUARTE ROAD,DUARTE,CA,91010,LOS ANGELES,PCH_27_ELIGCASES,MRSA Bacteremia: Predicted Cases,6.666,,07/01/2024,06/30/2025
050146,CITY OF HOPE HELFORD CLINICAL RESEARCH HOSPITAL,Acute Care Hospitals,1500 E DUARTE ROAD,DUARTE,CA,91010,LOS ANGELES,PCH_27_NUMERATOR,MRSA Bacteremia: Actual Infections,5,,07/01/2024,06/30/2025
050146,CITY OF HOPE HELFORD CLINICAL RESEARCH HOSPITAL,Acute Care Hospitals,1500 E DUARTE ROAD,DUARTE,CA,91010,LOS ANGELES,PCH_27_SIR,MRSA Bacteremia: SIR,0.750,,07/01/2024,06/30/2025
050146,CITY OF HOPE HELFORD CLINICAL RESEARCH HOSPITAL,Acute Care Hospitals,1500 E DUARTE ROAD,DUARTE,CA,91010,LOS ANGELES,PCH_28_FAC_ADHPCT,Influenza Vaccination Coverage among Healthcare Personnel: Adherence Rate,91,,10/01/2024,03/31/2025
050146,CITY OF HOPE HELFORD CLINICAL RESEARCH HOSPITAL,Acute Care Hospitals,1500 E DUARTE ROAD,DUARTE,CA,91010,LOS ANGELES,PCH_28_FAC_DEN,Influenza Vaccination Coverage among Healthcare Personnel: Denominator,7143,,10/01/2024,03/31/2025
050146,CITY OF HOPE HELFORD CLINICAL RESEARCH HOSPITAL,Acute Care Hospitals,1500 E DUARTE ROAD,DUARTE,CA,91010,LOS ANGELES,PCH_38_FAC_ADHPCT,Percentage of healthcare personnel who are up to date with COVID-19 vaccinations: Adherence Rate,25.6,,04/01/2025,06/30/2025
050146,CITY OF HOPE HELFORD CLINICAL RESEARCH HOSPITAL,Acute Care Hospitals,1500 E DUARTE ROAD,DUARTE,CA,91010,LOS ANGELES,PCH_38_FAC_DEN,Percentage of healthcare personnel who are up to date with COVID-19 vaccinations: Denominator,8613,,04/01/2025,06/30/2025
050146,CITY OF HOPE HELFORD CLINICAL RESEARCH HOSPITAL,Acute Care Hospitals,1500 E DUARTE ROAD,DUARTE,CA,91010,LOS ANGELES,PCH_4_DOPC,Central Line-Associated Bloodstream Infection (CLABSI): Number of Procedures,57809,,07/01/2024,06/30/2025
050146,CITY OF HOPE HELFORD CLINICAL RESEARCH HOSPITAL,Acute Care Hospitals,1500 E DUARTE ROAD,DUARTE,CA,91010,LOS ANGELES,PCH_4_ELIGCASES,Central Line-Associated Bloodstream Infection (CLABSI): Predicted Cases,56.710,,07/01/2024,06/30/2025
050146,CITY OF HOPE HELFORD CLINICAL RESEARCH HOSPITAL,Acute Care Hospitals,1500 E DUARTE ROAD,DUARTE,CA,91010,LOS ANGELES,PCH_4_NUMERATOR,Central Line-Associated Bloodstream Infection (CLABSI): Actual Infections,85,,07/01/2024,06/30/2025
050146,CITY OF HOPE HELFORD CLINICAL RESEARCH HOSPITAL,Acute Care Hospitals,1500 E DUARTE ROAD,DUARTE,CA,91010,LOS ANGELES,PCH_4_SIR,Central Line-Associated Bloodstream Infection (CLABSI): SIR,1.499,,07/01/2024,06/30/2025
050146,CITY OF HOPE HELFORD CLINICAL RESEARCH HOSPITAL,Acute Care Hospitals,1500 E DUARTE ROAD,DUARTE,CA,91010,LOS ANGELES,PCH_5_DOPC,Catheter-Associated Urinary Tract Infections (CAUTI): Number of Procedures,11920,,07/01/2024,06/30/2025
050146,CITY OF HOPE HELFORD CLINICAL RESEARCH HOSPITAL,Acute Care Hospitals,1500 E DUARTE ROAD,DUARTE,CA,91010,LOS ANGELES,PCH_5_ELIGCASES,Catheter-Associated Urinary Tract Infections (CAUTI): Predicted Cases,13.280,,07/01/2024,06/30/2025
050146,CITY OF HOPE HELFORD CLINICAL RESEARCH HOSPITAL,Acute Care Hospitals,1500 E DUARTE ROAD,DUARTE,CA,91010,LOS ANGELES,PCH_5_NUMERATOR,Catheter-Associated Urinary Tract Infections (CAUTI): Actual Infections,7,,07/01/2024,06/30/2025
050146,CITY OF HOPE HELFORD CLINICAL RESEARCH HOSPITAL,Acute Care Hospitals,1500 E DUARTE ROAD,DUARTE,CA,91010,LOS ANGELES,PCH_5_SIR,Catheter-Associated Urinary Tract Infections (CAUTI): SIR,0.527,,07/01/2024,06/30/2025
050146,CITY OF HOPE HELFORD CLINICAL RESEARCH HOSPITAL,Acute Care Hospitals,1500 E DUARTE ROAD,DUARTE,CA,91010,LOS ANGELES,PCH_6_DOPC,SSI - Colon Surgery: Number of Procedures,449,,07/01/2024,06/30/2025
050146,CITY OF HOPE HELFORD CLINICAL RESEARCH HOSPITAL,Acute Care Hospitals,1500 E DUARTE ROAD,DUARTE,CA,91010,LOS ANGELES,PCH_6_ELIGCASES,SSI - Colon Surgery: Predicted Cases,21.608,,07/01/2024,06/30/2025
050146,CITY OF HOPE HELFORD CLINICAL RESEARCH HOSPITAL,Acute Care Hospitals,1500 E DUARTE ROAD,DUARTE,CA,91010,LOS ANGELES,PCH_6_NUMERATOR,SSI - Colon Surgery: Actual Infections,16,,07/01/2024,06/30/2025
050146,CITY OF HOPE HELFORD CLINICAL RESEARCH HOSPITAL,Acute Care Hospitals,1500 E DUARTE ROAD,DUARTE,CA,91010,LOS ANGELES,PCH_6_SIR,SSI - Colon Surgery: SIR,0.740,,07/01/2024,06/30/2025
050146,CITY OF HOPE HELFORD CLINICAL RESEARCH HOSPITAL,Acute Care Hospitals,1500 E DUARTE ROAD,DUARTE,CA,91010,LOS ANGELES,PCH_7_DOPC,SSI - Abdominal Hysterectomy: Number of Procedures,261,,07/01/2024,06/30/2025
050146,CITY OF HOPE HELFORD CLINICAL RESEARCH HOSPITAL,Acute Care Hospitals,1500 E DUARTE ROAD,DUARTE,CA,91010,LOS ANGELES,PCH_7_ELIGCASES,SSI - Abdominal Hysterectomy: Predicted Cases,3.931,,07/01/2024,06/30/2025
050146,CITY OF HOPE HELFORD CLINICAL RESEARCH HOSPITAL,Acute Care Hospitals,1500 E DUARTE ROAD,DUARTE,CA,91010,LOS ANGELES,PCH_7_NUMERATOR,SSI - Abdominal Hysterectomy: Actual Infections,2,,07/01/2024,06/30/2025
050146,CITY OF HOPE HELFORD CLINICAL RESEARCH HOSPITAL,Acute Care Hospitals,1500 E DUARTE ROAD,DUARTE,CA,91010,LOS ANGELES,PCH_7_SIR,SSI - Abdominal Hysterectomy: SIR,0.509,,07/01/2024,06/30/2025
050660,USC KENNETH NORRIS JR CANCER HOSPITAL,Acute Care Hospitals,1441 EASTLAKE AVE,LOS ANGELES,CA,90089,LOS ANGELES,PCH_26_DOPC,Clostridium Difficile (C.Diff): Patient Days,17709,,07/01/2024,06/30/2025
050660,USC KENNETH NORRIS JR CANCER HOSPITAL,Acute Care Hospitals,1441 EASTLAKE AVE,LOS ANGELES,CA,90089,LOS ANGELES,PCH_26_ELIGCASES,Clostridium Difficile (C.Diff): Predicted Cases,23.239,,07/01/2024,06/30/2025
050660,USC KENNETH NORRIS JR CANCER HOSPITAL,Acute Care Hospitals,1441 EASTLAKE AVE,LOS ANGELES,CA,90089,LOS ANGELES,PCH_26_NUMERATOR,Clostridium Difficile (C.Diff): Actual Infections,16,,07/01/2024,06/30/2025
050660,USC KENNETH NORRIS JR CANCER HOSPITAL,Acute Care Hospitals,1441 EASTLAKE AVE,LOS ANGELES,CA,90089,LOS ANGELES,PCH_26_SIR,Clostridium Difficile (C.Diff): SIR,0.688,,07/01/2024,06/30/2025
050660,USC KENNETH NORRIS JR CANCER HOSPITAL,Acute Care Hospitals,1441 EASTLAKE AVE,LOS ANGELES,CA,90089,LOS ANGELES,PCH_27_DOPC,MRSA Bacteremia: Patient Days,17709,,07/01/2024,06/30/2025
050660,USC KENNETH NORRIS JR CANCER HOSPITAL,Acute Care Hospitals,1441 EASTLAKE AVE,LOS ANGELES,CA,90089,LOS ANGELES,PCH_27_ELIGCASES,MRSA Bacteremia: Predicted Cases,1.830,,07/01/2024,06/30/2025
050660,USC KENNETH NORRIS JR CANCER HOSPITAL,Acute Care Hospitals,1441 EASTLAKE AVE,LOS ANGELES,CA,90089,LOS ANGELES,PCH_27_NUMERATOR,MRSA Bacteremia: Actual Infections,3,,07/01/2024,06/30/2025
050660,USC KENNETH NORRIS JR CANCER HOSPITAL,Acute Care Hospitals,1441 EASTLAKE AVE,LOS ANGELES,CA,90089,LOS ANGELES,PCH_27_SIR,MRSA Bacteremia: SIR,1.639,,07/01/2024,06/30/2025
050660,USC KENNETH NORRIS JR CANCER HOSPITAL,Acute Care Hospitals,1441 EASTLAKE AVE,LOS ANGELES,CA,90089,LOS ANGELES,PCH_28_FAC_ADHPCT,Influenza Vaccination Coverage among Healthcare Personnel: Adherence Rate,88,,10/01/2024,03/31/2025
050660,USC KENNETH NORRIS JR CANCER HOSPITAL,Acute Care Hospitals,1441 EASTLAKE AVE,LOS ANGELES,CA,90089,LOS ANGELES,PCH_28_FAC_DEN,Influenza Vaccination Coverage among Healthcare Personnel: Denominator,3106,,10/01/2024,03/31/2025
050660,USC KENNETH NORRIS JR CANCER HOSPITAL,Acute Care Hospitals,1441 EASTLAKE AVE,LOS ANGELES,CA,90089,LOS ANGELES,PCH_38_FAC_ADHPCT,Percentage of healthcare personnel who are up to date with COVID-19 vaccinations: Adherence Rate,58.5,,04/01/2025,06/30/2025
050660,USC KENNETH NORRIS JR CANCER HOSPITAL,Acute Care Hospitals,1441 EASTLAKE AVE,LOS ANGELES,CA,90089,LOS ANGELES,PCH_38_FAC_DEN,Percentage of healthcare personnel who are up to date with COVID-19 vaccinations: Denominator,2902,,04/01/2025,06/30/2025
050660,USC KENNETH NORRIS JR CANCER HOSPITAL,Acute Care Hospitals,1441 EASTLAKE AVE,LOS ANGELES,CA,90089,LOS ANGELES,PCH_4_DOPC,Central Line-Associated Bloodstream Infection (CLABSI): Number of Procedures,12279,,07/01/2024,06/30/2025
050660,USC KENNETH NORRIS JR CANCER HOSPITAL,Acute Care Hospitals,1441 EASTLAKE AVE,LOS ANGELES,CA,90089,LOS ANGELES,PCH_4_ELIGCASES,Central Line-Associated Bloodstream Infection (CLABSI): Predicted Cases,11.146,,07/01/2024,06/30/2025
050660,USC KENNETH NORRIS JR CANCER HOSPITAL,Acute Care Hospitals,1441 EASTLAKE AVE,LOS ANGELES,CA,90089,LOS ANGELES,PCH_4_NUMERATOR,Central Line-Associated Bloodstream Infection (CLABSI): Actual Infections,12,,07/01/2024,06/30/2025
050660,USC KENNETH NORRIS JR CANCER HOSPITAL,Acute Care Hospitals,1441 EASTLAKE AVE,LOS ANGELES,CA,90089,LOS ANGELES,PCH_4_SIR,Central Line-Associated Bloodstream Infection (CLABSI): SIR,1.077,,07/01/2024,06/30/2025
050660,USC KENNETH NORRIS JR CANCER HOSPITAL,Acute Care Hospitals,1441 EASTLAKE AVE,LOS ANGELES,CA,90089,LOS ANGELES,PCH_5_DOPC,Catheter-Associated Urinary Tract Infections (CAUTI): Number of Procedures,2215,,07/01/2024,06/30/2025
050660,USC KENNETH NORRIS JR CANCER HOSPITAL,Acute Care Hospitals,1441 EASTLAKE AVE,LOS ANGELES,CA,90089,LOS ANGELES,PCH_5_ELIGCASES,Catheter-Associated Urinary Tract Infections (CAUTI): Predicted Cases,1.918,,07/01/2024,06/30/2025
050660,USC KENNETH NORRIS JR CANCER HOSPITAL,Acute Care Hospitals,1441 EASTLAKE AVE,LOS ANGELES,CA,90089,LOS ANGELES,PCH_5_NUMERATOR,Catheter-Associated Urinary Tract Infections (CAUTI): Actual Infections,1,,07/01/2024,06/30/2025
050660,USC KENNETH NORRIS JR CANCER HOSPITAL,Acute Care Hospitals,1441 EASTLAKE AVE,LOS ANGELES,CA,90089,LOS ANGELES,PCH_5_SIR,Catheter-Associated Urinary Tract Infections (CAUTI): SIR,0.521,,07/01/2024,06/30/2025
050660,USC KENNETH NORRIS JR CANCER HOSPITAL,Acute Care Hospitals,1441 EASTLAKE AVE,LOS ANGELES,CA,90089,LOS ANGELES,PCH_6_DOPC,SSI - Colon Surgery: Number of Procedures,Not Available,12,07/01/2024,06/30/2025
050660,USC KENNETH NORRIS JR CANCER HOSPITAL,Acute Care Hospitals,1441 EASTLAKE AVE,LOS ANGELES,CA,90089,LOS ANGELES,PCH_6_ELIGCASES,SSI - Colon Surgery: Predicted Cases,Not Available,12,07/01/2024,06/30/2025
050660,USC KENNETH NORRIS JR CANCER HOSPITAL,Acute Care Hospitals,1441 EASTLAKE AVE,LOS ANGELES,CA,90089,LOS ANGELES,PCH_6_NUMERATOR,SSI - Colon Surgery: Actual Infections,Not Available,12,07/01/2024,06/30/2025
050660,USC KENNETH NORRIS JR CANCER HOSPITAL,Acute Care Hospitals,1441 EASTLAKE AVE,LOS ANGELES,CA,90089,LOS ANGELES,PCH_6_SIR,SSI - Colon Surgery: SIR,Not Available,12,07/01/2024,06/30/2025
050660,USC KENNETH NORRIS JR CANCER HOSPITAL,Acute Care Hospitals,1441 EASTLAKE AVE,LOS ANGELES,CA,90089,LOS ANGELES,PCH_7_DOPC,SSI - Abdominal Hysterectomy: Number of Procedures,2,13,07/01/2024,06/30/2025
050660,USC KENNETH NORRIS JR CANCER HOSPITAL,Acute Care Hospitals,1441 EASTLAKE AVE,LOS ANGELES,CA,90089,LOS ANGELES,PCH_7_ELIGCASES,SSI - Abdominal Hysterectomy: Predicted Cases,0.030,13,07/01/2024,06/30/2025
050660,USC KENNETH NORRIS JR CANCER HOSPITAL,Acute Care Hospitals,1441 EASTLAKE AVE,LOS ANGELES,CA,90089,LOS ANGELES,PCH_7_NUMERATOR,SSI - Abdominal Hysterectomy: Actual Infections,0,13,07/01/2024,06/30/2025
050660,USC KENNETH NORRIS JR CANCER HOSPITAL,Acute Care Hospitals,1441 EASTLAKE AVE,LOS ANGELES,CA,90089,LOS ANGELES,PCH_7_SIR,SSI - Abdominal Hysterectomy: SIR,Not Available,13,07/01/2024,06/30/2025
100079,UNIV OF MIAMI HOSPITAL AND CLINICS-SYLVESTER COMPR,Acute Care Hospitals,1475 NW 12TH AVE,MIAMI,FL,33136,MIAMI-DADE,PCH_26_DOPC,Clostridium Difficile (C.Diff): Patient Days,6926,,07/01/2024,06/30/2025
100079,UNIV OF MIAMI HOSPITAL AND CLINICS-SYLVESTER COMPR,Acute Care Hospitals,1475 NW 12TH AVE,MIAMI,FL,33136,MIAMI-DADE,PCH_26_ELIGCASES,Clostridium Difficile (C.Diff): Predicted Cases,5.772,,07/01/2024,06/30/2025
100079,UNIV OF MIAMI HOSPITAL AND CLINICS-SYLVESTER COMPR,Acute Care Hospitals,1475 NW 12TH AVE,MIAMI,FL,33136,MIAMI-DADE,PCH_26_NUMERATOR,Clostridium Difficile (C.Diff): Actual Infections,3,,07/01/2024,06/30/2025
100079,UNIV OF MIAMI HOSPITAL AND CLINICS-SYLVESTER COMPR,Acute Care Hospitals,1475 NW 12TH AVE,MIAMI,FL,33136,MIAMI-DADE,PCH_26_SIR,Clostridium Difficile (C.Diff): SIR,0.520,,07/01/2024,06/30/2025
100079,UNIV OF MIAMI HOSPITAL AND CLINICS-SYLVESTER COMPR,Acute Care Hospitals,1475 NW 12TH AVE,MIAMI,FL,33136,MIAMI-DADE,PCH_27_DOPC,MRSA Bacteremia: Patient Days,6926,13,07/01/2024,06/30/2025
100079,UNIV OF MIAMI HOSPITAL AND CLINICS-SYLVESTER COMPR,Acute Care Hospitals,1475 NW 12TH AVE,MIAMI,FL,33136,MIAMI-DADE,PCH_27_ELIGCASES,MRSA Bacteremia: Predicted Cases,0.716,13,07/01/2024,06/30/2025
100079,UNIV OF MIAMI HOSPITAL AND CLINICS-SYLVESTER COMPR,Acute Care Hospitals,1475 NW 12TH AVE,MIAMI,FL,33136,MIAMI-DADE,PCH_27_NUMERATOR,MRSA Bacteremia: Actual Infections,2,13,07/01/2024,06/30/2025
100079,UNIV OF MIAMI HOSPITAL AND CLINICS-SYLVESTER COMPR,Acute Care Hospitals,1475 NW 12TH AVE,MIAMI,FL,33136,MIAMI-DADE,PCH_27_SIR,MRSA Bacteremia: SIR,Not Available,13,07/01/2024,06/30/2025
100079,UNIV OF MIAMI HOSPITAL AND CLINICS-SYLVESTER COMPR,Acute Care Hospitals,1475 NW 12TH AVE,MIAMI,FL,33136,MIAMI-DADE,PCH_28_FAC_ADHPCT,Influenza Vaccination Coverage among Healthcare Personnel: Adherence Rate,35,,10/01/2024,03/31/2025
100079,UNIV OF MIAMI HOSPITAL AND CLINICS-SYLVESTER COMPR,Acute Care Hospitals,1475 NW 12TH AVE,MIAMI,FL,33136,MIAMI-DADE,PCH_28_FAC_DEN,Influenza Vaccination Coverage among Healthcare Personnel: Denominator,8555,,10/01/2024,03/31/2025
100079,UNIV OF MIAMI HOSPITAL AND CLINICS-SYLVESTER COMPR,Acute Care Hospitals,1475 NW 12TH AVE,MIAMI,FL,33136,MIAMI-DADE,PCH_38_FAC_ADHPCT,Percentage of healthcare personnel who are up to date with COVID-19 vaccinations: Adherence Rate,0,,04/01/2025,06/30/2025
100079,UNIV OF MIAMI HOSPITAL AND CLINICS-SYLVESTER COMPR,Acute Care Hospitals,1475 NW 12TH AVE,MIAMI,FL,33136,MIAMI-DADE,PCH_38_FAC_DEN,Percentage of healthcare personnel who are up to date with COVID-19 vaccinations: Denominator,9518,,04/01/2025,06/30/2025
100079,UNIV OF MIAMI HOSPITAL AND CLINICS-SYLVESTER COMPR,Acute Care Hospitals,1475 NW 12TH AVE,MIAMI,FL,33136,MIAMI-DADE,PCH_4_DOPC,Central Line-Associated Bloodstream Infection (CLABSI): Number of Procedures,6533,,07/01/2024,06/30/2025
100079,UNIV OF MIAMI HOSPITAL AND CLINICS-SYLVESTER COMPR,Acute Care Hospitals,1475 NW 12TH AVE,MIAMI,FL,33136,MIAMI-DADE,PCH_4_ELIGCASES,Central Line-Associated Bloodstream Infection (CLABSI): Predicted Cases,7.162,,07/01/2024,06/30/2025
100079,UNIV OF MIAMI HOSPITAL AND CLINICS-SYLVESTER COMPR,Acute Care Hospitals,1475 NW 12TH AVE,MIAMI,FL,33136,MIAMI-DADE,PCH_4_NUMERATOR,Central Line-Associated Bloodstream Infection (CLABSI): Actual Infections,16,,07/01/2024,06/30/2025
100079,UNIV OF MIAMI HOSPITAL AND CLINICS-SYLVESTER COMPR,Acute Care Hospitals,1475 NW 12TH AVE,MIAMI,FL,33136,MIAMI-DADE,PCH_4_SIR,Central Line-Associated Bloodstream Infection (CLABSI): SIR,2.234,,07/01/2024,06/30/2025
100079,UNIV OF MIAMI HOSPITAL AND CLINICS-SYLVESTER COMPR,Acute Care Hospitals,1475 NW 12TH AVE,MIAMI,FL,33136,MIAMI-DADE,PCH_5_DOPC,Catheter-Associated Urinary Tract Infections (CAUTI): Number of Procedures,431,13,07/01/2024,06/30/2025
100079,UNIV OF MIAMI HOSPITAL AND CLINICS-SYLVESTER COMPR,Acute Care Hospitals,1475 NW 12TH AVE,MIAMI,FL,33136,MIAMI-DADE,PCH_5_ELIGCASES,Catheter-Associated Urinary Tract Infections (CAUTI): Predicted Cases,0.439,13,07/01/2024,06/30/2025
100079,UNIV OF MIAMI HOSPITAL AND CLINICS-SYLVESTER COMPR,Acute Care Hospitals,1475 NW 12TH AVE,MIAMI,FL,33136,MIAMI-DADE,PCH_5_NUMERATOR,Catheter-Associated Urinary Tract Infections (CAUTI): Actual Infections,0,13,07/01/2024,06/30/2025
100079,UNIV OF MIAMI HOSPITAL AND CLINICS-SYLVESTER COMPR,Acute Care Hospitals,1475 NW 12TH AVE,MIAMI,FL,33136,MIAMI-DADE,PCH_5_SIR,Catheter-Associated Urinary Tract Infections (CAUTI): SIR,Not Available,13,07/01/2024,06/30/2025
100079,UNIV OF MIAMI HOSPITAL AND CLINICS-SYLVESTER COMPR,Acute Care Hospitals,1475 NW 12TH AVE,MIAMI,FL,33136,MIAMI-DADE,PCH_6_DOPC,SSI - Colon Surgery: Number of Procedures,Not Available,12,07/01/2024,06/30/2025
100079,UNIV OF MIAMI HOSPITAL AND CLINICS-SYLVESTER COMPR,Acute Care Hospitals,1475 NW 12TH AVE,MIAMI,FL,33136,MIAMI-DADE,PCH_6_ELIGCASES,SSI - Colon Surgery: Predicted Cases,Not Available,12,07/01/2024,06/30/2025
100079,UNIV OF MIAMI HOSPITAL AND CLINICS-SYLVESTER COMPR,Acute Care Hospitals,1475 NW 12TH AVE,MIAMI,FL,33136,MIAMI-DADE,PCH_6_NUMERATOR,SSI - Colon Surgery: Actual Infections,Not Available,12,07/01/2024,06/30/2025
100079,UNIV OF MIAMI HOSPITAL AND CLINICS-SYLVESTER COMPR,Acute Care Hospitals,1475 NW 12TH AVE,MIAMI,FL,33136,MIAMI-DADE,PCH_6_SIR,SSI - Colon Surgery: SIR,Not Available,12,07/01/2024,06/30/2025
100079,UNIV OF MIAMI HOSPITAL AND CLINICS-SYLVESTER COMPR,Acute Care Hospitals,1475 NW 12TH AVE,MIAMI,FL,33136,MIAMI-DADE,PCH_7_DOPC,SSI - Abdominal Hysterectomy: Number of Procedures,1,13,07/01/2024,06/30/2025
100079,UNIV OF MIAMI HOSPITAL AND CLINICS-SYLVESTER COMPR,Acute Care Hospitals,1475 NW 12TH AVE,MIAMI,FL,33136,MIAMI-DADE,PCH_7_ELIGCASES,SSI - Abdominal Hysterectomy: Predicted Cases,0.015,13,07/01/2024,06/30/2025
100079,UNIV OF MIAMI HOSPITAL AND CLINICS-SYLVESTER COMPR,Acute Care Hospitals,1475 NW 12TH AVE,MIAMI,FL,33136,MIAMI-DADE,PCH_7_NUMERATOR,SSI - Abdominal Hysterectomy: Actual Infections,0,13,07/01/2024,06/30/2025
100079,UNIV OF MIAMI HOSPITAL AND CLINICS-SYLVESTER COMPR,Acute Care Hospitals,1475 NW 12TH AVE,MIAMI,FL,33136,MIAMI-DADE,PCH_7_SIR,SSI - Abdominal Hysterectomy: SIR,Not Available,13,07/01/2024,06/30/2025
100271,H LEE MOFFITT CANCER CENTER & RESEARCH INSTITUTE I,Acute Care Hospitals,12902 MAGNOLIA DR,TAMPA,FL,33612,HILLSBOROUGH,PCH_26_DOPC,Clostridium Difficile (C.Diff): Patient Days,84785,,07/01/2024,06/30/2025
100271,H LEE MOFFITT CANCER CENTER & RESEARCH INSTITUTE I,Acute Care Hospitals,12902 MAGNOLIA DR,TAMPA,FL,33612,HILLSBOROUGH,PCH_26_ELIGCASES,Clostridium Difficile (C.Diff): Predicted Cases,86.059,,07/01/2024,06/30/2025
100271,H LEE MOFFITT CANCER CENTER & RESEARCH INSTITUTE I,Acute Care Hospitals,12902 MAGNOLIA DR,TAMPA,FL,33612,HILLSBOROUGH,PCH_26_NUMERATOR,Clostridium Difficile (C.Diff): Actual Infections,28,,07/01/2024,06/30/2025
100271,H LEE MOFFITT CANCER CENTER & RESEARCH INSTITUTE I,Acute Care Hospitals,12902 MAGNOLIA DR,TAMPA,FL,33612,HILLSBOROUGH,PCH_26_SIR,Clostridium Difficile (C.Diff): SIR,0.325,,07/01/2024,06/30/2025
100271,H LEE MOFFITT CANCER CENTER & RESEARCH INSTITUTE I,Acute Care Hospitals,12902 MAGNOLIA DR,TAMPA,FL,33612,HILLSBOROUGH,PCH_27_DOPC,MRSA Bacteremia: Patient Days,84785,,07/01/2024,06/30/2025
100271,H LEE MOFFITT CANCER CENTER & RESEARCH INSTITUTE I,Acute Care Hospitals,12902 MAGNOLIA DR,TAMPA,FL,33612,HILLSBOROUGH,PCH_27_ELIGCASES,MRSA Bacteremia: Predicted Cases,11.530,,07/01/2024,06/30/2025
100271,H LEE MOFFITT CANCER CENTER & RESEARCH INSTITUTE I,Acute Care Hospitals,12902 MAGNOLIA DR,TAMPA,FL,33612,HILLSBOROUGH,PCH_27_NUMERATOR,MRSA Bacteremia: Actual Infections,7,,07/01/2024,06/30/2025
100271,H LEE MOFFITT CANCER CENTER & RESEARCH INSTITUTE I,Acute Care Hospitals,12902 MAGNOLIA DR,TAMPA,FL,33612,HILLSBOROUGH,PCH_27_SIR,MRSA Bacteremia: SIR,0.607,,07/01/2024,06/30/2025
100271,H LEE MOFFITT CANCER CENTER & RESEARCH INSTITUTE I,Acute Care Hospitals,12902 MAGNOLIA DR,TAMPA,FL,33612,HILLSBOROUGH,PCH_28_FAC_ADHPCT,Influenza Vaccination Coverage among Healthcare Personnel: Adherence Rate,64,,10/01/2024,03/31/2025
100271,H LEE MOFFITT CANCER CENTER & RESEARCH INSTITUTE I,Acute Care Hospitals,12902 MAGNOLIA DR,TAMPA,FL,33612,HILLSBOROUGH,PCH_28_FAC_DEN,Influenza Vaccination Coverage among Healthcare Personnel: Denominator,15007,,10/01/2024,03/31/2025
100271,H LEE MOFFITT CANCER CENTER & RESEARCH INSTITUTE I,Acute Care Hospitals,12902 MAGNOLIA DR,TAMPA,FL,33612,HILLSBOROUGH,PCH_38_FAC_ADHPCT,Percentage of healthcare personnel who are up to date with COVID-19 vaccinations: Adherence Rate,16.8,,04/01/2025,06/30/2025
100271,H LEE MOFFITT CANCER CENTER & RESEARCH INSTITUTE I,Acute Care Hospitals,12902 MAGNOLIA DR,TAMPA,FL,33612,HILLSBOROUGH,PCH_38_FAC_DEN,Percentage of healthcare personnel who are up to date with COVID-19 vaccinations: Denominator,11091,,04/01/2025,06/30/2025
100271,H LEE MOFFITT CANCER CENTER & RESEARCH INSTITUTE I,Acute Care Hospitals,12902 MAGNOLIA DR,TAMPA,FL,33612,HILLSBOROUGH,PCH_4_DOPC,Central Line-Associated Bloodstream Infection (CLABSI): Number of Procedures,51081,,07/01/2024,06/30/2025
100271,H LEE MOFFITT CANCER CENTER & RESEARCH INSTITUTE I,Acute Care Hospitals,12902 MAGNOLIA DR,TAMPA,FL,33612,HILLSBOROUGH,PCH_4_ELIGCASES,Central Line-Associated Bloodstream Infection (CLABSI): Predicted Cases,57.246,,07/01/2024,06/30/2025
100271,H LEE MOFFITT CANCER CENTER & RESEARCH INSTITUTE I,Acute Care Hospitals,12902 MAGNOLIA DR,TAMPA,FL,33612,HILLSBOROUGH,PCH_4_NUMERATOR,Central Line-Associated Bloodstream Infection (CLABSI): Actual Infections,67,,07/01/2024,06/30/2025
100271,H LEE MOFFITT CANCER CENTER & RESEARCH INSTITUTE I,Acute Care Hospitals,12902 MAGNOLIA DR,TAMPA,FL,33612,HILLSBOROUGH,PCH_4_SIR,Central Line-Associated Bloodstream Infection (CLABSI): SIR,1.170,,07/01/2024,06/30/2025
100271,H LEE MOFFITT CANCER CENTER & RESEARCH INSTITUTE I,Acute Care Hospitals,12902 MAGNOLIA DR,TAMPA,FL,33612,HILLSBOROUGH,PCH_5_DOPC,Catheter-Associated Urinary Tract Infections (CAUTI): Number of Procedures,11525,,07/01/2024,06/30/2025
100271,H LEE MOFFITT CANCER CENTER & RESEARCH INSTITUTE I,Acute Care Hospitals,12902 MAGNOLIA DR,TAMPA,FL,33612,HILLSBOROUGH,PCH_5_ELIGCASES,Catheter-Associated Urinary Tract Infections (CAUTI): Predicted Cases,13.111,,07/01/2024,06/30/2025
100271,H LEE MOFFITT CANCER CENTER & RESEARCH INSTITUTE I,Acute Care Hospitals,12902 MAGNOLIA DR,TAMPA,FL,33612,HILLSBOROUGH,PCH_5_NUMERATOR,Catheter-Associated Urinary Tract Infections (CAUTI): Actual Infections,13,,07/01/2024,06/30/2025
100271,H LEE MOFFITT CANCER CENTER & RESEARCH INSTITUTE I,Acute Care Hospitals,12902 MAGNOLIA DR,TAMPA,FL,33612,HILLSBOROUGH,PCH_5_SIR,Catheter-Associated Urinary Tract Infections (CAUTI): SIR,0.992,,07/01/2024,06/30/2025
100271,H LEE MOFFITT CANCER CENTER & RESEARCH INSTITUTE I,Acute Care Hospitals,12902 MAGNOLIA DR,TAMPA,FL,33612,HILLSBOROUGH,PCH_6_DOPC,SSI - Colon Surgery: Number of Procedures,477,,07/01/2024,06/30/2025
100271,H LEE MOFFITT CANCER CENTER & RESEARCH INSTITUTE I,Acute Care Hospitals,12902 MAGNOLIA DR,TAMPA,FL,33612,HILLSBOROUGH,PCH_6_ELIGCASES,SSI - Colon Surgery: Predicted Cases,21.417,,07/01/2024,06/30/2025
100271,H LEE MOFFITT CANCER CENTER & RESEARCH INSTITUTE I,Acute Care Hospitals,12902 MAGNOLIA DR,TAMPA,FL,33612,HILLSBOROUGH,PCH_6_NUMERATOR,SSI - Colon Surgery: Actual Infections,14,,07/01/2024,06/30/2025
100271,H LEE MOFFITT CANCER CENTER & RESEARCH INSTITUTE I,Acute Care Hospitals,12902 MAGNOLIA DR,TAMPA,FL,33612,HILLSBOROUGH,PCH_6_SIR,SSI - Colon Surgery: SIR,0.654,,07/01/2024,06/30/2025
100271,H LEE MOFFITT CANCER CENTER & RESEARCH INSTITUTE I,Acute Care Hospitals,12902 MAGNOLIA DR,TAMPA,FL,33612,HILLSBOROUGH,PCH_7_DOPC,SSI - Abdominal Hysterectomy: Number of Procedures,253,,07/01/2024,06/30/2025
100271,H LEE MOFFITT CANCER CENTER & RESEARCH INSTITUTE I,Acute Care Hospitals,12902 MAGNOLIA DR,TAMPA,FL,33612,HILLSBOROUGH,PCH_7_ELIGCASES,SSI - Abdominal Hysterectomy: Predicted Cases,3.457,,07/01/2024,06/30/2025
100271,H LEE MOFFITT CANCER CENTER & RESEARCH INSTITUTE I,Acute Care Hospitals,12902 MAGNOLIA DR,TAMPA,FL,33612,HILLSBOROUGH,PCH_7_NUMERATOR,SSI - Abdominal Hysterectomy: Actual Infections,2,,07/01/2024,06/30/2025
100271,H LEE MOFFITT CANCER CENTER & RESEARCH INSTITUTE I,Acute Care Hospitals,12902 MAGNOLIA DR,TAMPA,FL,33612,HILLSBOROUGH,PCH_7_SIR,SSI - Abdominal Hysterectomy: SIR,0.579,,07/01/2024,06/30/2025
220162,DANA-FARBER CANCER INSTITUTE,Acute Care Hospitals,450 BROOKLINE AVENUE,BOSTON,MA,02115,SUFFOLK,PCH_26_DOPC,Clostridium Difficile (C.Diff): Patient Days,10625,,07/01/2024,06/30/2025
220162,DANA-FARBER CANCER INSTITUTE,Acute Care Hospitals,450 BROOKLINE AVENUE,BOSTON,MA,02115,SUFFOLK,PCH_26_ELIGCASES,Clostridium Difficile (C.Diff): Predicted Cases,11.190,,07/01/2024,06/30/2025
220162,DANA-FARBER CANCER INSTITUTE,Acute Care Hospitals,450 BROOKLINE AVENUE,BOSTON,MA,02115,SUFFOLK,PCH_26_NUMERATOR,Clostridium Difficile (C.Diff): Actual Infections,4,,07/01/2024,06/30/2025
220162,DANA-FARBER CANCER INSTITUTE,Acute Care Hospitals,450 BROOKLINE AVENUE,BOSTON,MA,02115,SUFFOLK,PCH_26_SIR,Clostridium Difficile (C.Diff): SIR,0.357,,07/01/2024,06/30/2025
220162,DANA-FARBER CANCER INSTITUTE,Acute Care Hospitals,450 BROOKLINE AVENUE,BOSTON,MA,02115,SUFFOLK,PCH_27_DOPC,MRSA Bacteremia: Patient Days,10625,13,07/01/2024,06/30/2025
220162,DANA-FARBER CANCER INSTITUTE,Acute Care Hospitals,450 BROOKLINE AVENUE,BOSTON,MA,02115,SUFFOLK,PCH_27_ELIGCASES,MRSA Bacteremia: Predicted Cases,0.685,13,07/01/2024,06/30/2025
220162,DANA-FARBER CANCER INSTITUTE,Acute Care Hospitals,450 BROOKLINE AVENUE,BOSTON,MA,02115,SUFFOLK,PCH_27_NUMERATOR,MRSA Bacteremia: Actual Infections,1,13,07/01/2024,06/30/2025
220162,DANA-FARBER CANCER INSTITUTE,Acute Care Hospitals,450 BROOKLINE AVENUE,BOSTON,MA,02115,SUFFOLK,PCH_27_SIR,MRSA Bacteremia: SIR,Not Available,13,07/01/2024,06/30/2025
220162,DANA-FARBER CANCER INSTITUTE,Acute Care Hospitals,450 BROOKLINE AVENUE,BOSTON,MA,02115,SUFFOLK,PCH_28_FAC_ADHPCT,Influenza Vaccination Coverage among Healthcare Personnel: Adherence Rate,99,,10/01/2024,03/31/2025
220162,DANA-FARBER CANCER INSTITUTE,Acute Care Hospitals,450 BROOKLINE AVENUE,BOSTON,MA,02115,SUFFOLK,PCH_28_FAC_DEN,Influenza Vaccination Coverage among Healthcare Personnel: Denominator,10388,,10/01/2024,03/31/2025
220162,DANA-FARBER CANCER INSTITUTE,Acute Care Hospitals,450 BROOKLINE AVENUE,BOSTON,MA,02115,SUFFOLK,PCH_38_FAC_ADHPCT,Percentage of healthcare personnel who are up to date with COVID-19 vaccinations: Adherence Rate,25.6,,04/01/2025,06/30/2025
220162,DANA-FARBER CANCER INSTITUTE,Acute Care Hospitals,450 BROOKLINE AVENUE,BOSTON,MA,02115,SUFFOLK,PCH_38_FAC_DEN,Percentage of healthcare personnel who are up to date with COVID-19 vaccinations: Denominator,9777,,04/01/2025,06/30/2025
220162,DANA-FARBER CANCER INSTITUTE,Acute Care Hospitals,450 BROOKLINE AVENUE,BOSTON,MA,02115,SUFFOLK,PCH_4_DOPC,Central Line-Associated Bloodstream Infection (CLABSI): Number of Procedures,6825,,07/01/2024,06/30/2025
220162,DANA-FARBER CANCER INSTITUTE,Acute Care Hospitals,450 BROOKLINE AVENUE,BOSTON,MA,02115,SUFFOLK,PCH_4_ELIGCASES,Central Line-Associated Bloodstream Infection (CLABSI): Predicted Cases,6.224,,07/01/2024,06/30/2025
220162,DANA-FARBER CANCER INSTITUTE,Acute Care Hospitals,450 BROOKLINE AVENUE,BOSTON,MA,02115,SUFFOLK,PCH_4_NUMERATOR,Central Line-Associated Bloodstream Infection (CLABSI): Actual Infections,8,,07/01/2024,06/30/2025
220162,DANA-FARBER CANCER INSTITUTE,Acute Care Hospitals,450 BROOKLINE AVENUE,BOSTON,MA,02115,SUFFOLK,PCH_4_SIR,Central Line-Associated Bloodstream Infection (CLABSI): SIR,1.285,,07/01/2024,06/30/2025
220162,DANA-FARBER CANCER INSTITUTE,Acute Care Hospitals,450 BROOKLINE AVENUE,BOSTON,MA,02115,SUFFOLK,PCH_5_DOPC,Catheter-Associated Urinary Tract Infections (CAUTI): Number of Procedures,797,13,07/01/2024,06/30/2025
220162,DANA-FARBER CANCER INSTITUTE,Acute Care Hospitals,450 BROOKLINE AVENUE,BOSTON,MA,02115,SUFFOLK,PCH_5_ELIGCASES,Catheter-Associated Urinary Tract Infections (CAUTI): Predicted Cases,0.814,13,07/01/2024,06/30/2025
220162,DANA-FARBER CANCER INSTITUTE,Acute Care Hospitals,450 BROOKLINE AVENUE,BOSTON,MA,02115,SUFFOLK,PCH_5_NUMERATOR,Catheter-Associated Urinary Tract Infections (CAUTI): Actual Infections,1,13,07/01/2024,06/30/2025
220162,DANA-FARBER CANCER INSTITUTE,Acute Care Hospitals,450 BROOKLINE AVENUE,BOSTON,MA,02115,SUFFOLK,PCH_5_SIR,Catheter-Associated Urinary Tract Infections (CAUTI): SIR,Not Available,13,07/01/2024,06/30/2025
220162,DANA-FARBER CANCER INSTITUTE,Acute Care Hospitals,450 BROOKLINE AVENUE,BOSTON,MA,02115,SUFFOLK,PCH_6_DOPC,SSI - Colon Surgery: Number of Procedures,Not Available,12,07/01/2024,06/30/2025
220162,DANA-FARBER CANCER INSTITUTE,Acute Care Hospitals,450 BROOKLINE AVENUE,BOSTON,MA,02115,SUFFOLK,PCH_6_ELIGCASES,SSI - Colon Surgery: Predicted Cases,Not Available,12,07/01/2024,06/30/2025
220162,DANA-FARBER CANCER INSTITUTE,Acute Care Hospitals,450 BROOKLINE AVENUE,BOSTON,MA,02115,SUFFOLK,PCH_6_NUMERATOR,SSI - Colon Surgery: Actual Infections,Not Available,12,07/01/2024,06/30/2025
220162,DANA-FARBER CANCER INSTITUTE,Acute Care Hospitals,450 BROOKLINE AVENUE,BOSTON,MA,02115,SUFFOLK,PCH_6_SIR,SSI - Colon Surgery: SIR,Not Available,12,07/01/2024,06/30/2025
220162,DANA-FARBER CANCER INSTITUTE,Acute Care Hospitals,450 BROOKLINE AVENUE,BOSTON,MA,02115,SUFFOLK,PCH_7_DOPC,SSI - Abdominal Hysterectomy: Number of Procedures,Not Available,12,07/01/2024,06/30/2025
220162,DANA-FARBER CANCER INSTITUTE,Acute Care Hospitals,450 BROOKLINE AVENUE,BOSTON,MA,02115,SUFFOLK,PCH_7_ELIGCASES,SSI - Abdominal Hysterectomy: Predicted Cases,Not Available,12,07/01/2024,06/30/2025
220162,DANA-FARBER CANCER INSTITUTE,Acute Care Hospitals,450 BROOKLINE AVENUE,BOSTON,MA,02115,SUFFOLK,PCH_7_NUMERATOR,SSI - Abdominal Hysterectomy: Actual Infections,Not Available,12,07/01/2024,06/30/2025
220162,DANA-FARBER CANCER INSTITUTE,Acute Care Hospitals,450 BROOKLINE AVENUE,BOSTON,MA,02115,SUFFOLK,PCH_7_SIR,SSI - Abdominal Hysterectomy: SIR,Not Available,12,07/01/2024,06/30/2025
330154,MEMORIAL HOSPITAL FOR CANCER AND ALLIED DISEASES,Acute Care Hospitals,1275 YORK AVENUE,NEW YORK,NY,10021,NEW YORK,PCH_26_DOPC,Clostridium Difficile (C.Diff): Patient Days,171254,,07/01/2024,06/30/2025
330154,MEMORIAL HOSPITAL FOR CANCER AND ALLIED DISEASES,Acute Care Hospitals,1275 YORK AVENUE,NEW YORK,NY,10021,NEW YORK,PCH_26_ELIGCASES,Clostridium Difficile (C.Diff): Predicted Cases,195.789,,07/01/2024,06/30/2025
330154,MEMORIAL HOSPITAL FOR CANCER AND ALLIED DISEASES,Acute Care Hospitals,1275 YORK AVENUE,NEW YORK,NY,10021,NEW YORK,PCH_26_NUMERATOR,Clostridium Difficile (C.Diff): Actual Infections,76,,07/01/2024,06/30/2025
330154,MEMORIAL HOSPITAL FOR CANCER AND ALLIED DISEASES,Acute Care Hospitals,1275 YORK AVENUE,NEW YORK,NY,10021,NEW YORK,PCH_26_SIR,Clostridium Difficile (C.Diff): SIR,0.388,,07/01/2024,06/30/2025
330154,MEMORIAL HOSPITAL FOR CANCER AND ALLIED DISEASES,Acute Care Hospitals,1275 YORK AVENUE,NEW YORK,NY,10021,NEW YORK,PCH_27_DOPC,MRSA Bacteremia: Patient Days,171254,,07/01/2024,06/30/2025
330154,MEMORIAL HOSPITAL FOR CANCER AND ALLIED DISEASES,Acute Care Hospitals,1275 YORK AVENUE,NEW YORK,NY,10021,NEW YORK,PCH_27_ELIGCASES,MRSA Bacteremia: Predicted Cases,22.105,,07/01/2024,06/30/2025
330154,MEMORIAL HOSPITAL FOR CANCER AND ALLIED DISEASES,Acute Care Hospitals,1275 YORK AVENUE,NEW YORK,NY,10021,NEW YORK,PCH_27_NUMERATOR,MRSA Bacteremia: Actual Infections,13,,07/01/2024,06/30/2025
330154,MEMORIAL HOSPITAL FOR CANCER AND ALLIED DISEASES,Acute Care Hospitals,1275 YORK AVENUE,NEW YORK,NY,10021,NEW YORK,PCH_27_SIR,MRSA Bacteremia: SIR,0.588,,07/01/2024,06/30/2025
330154,MEMORIAL HOSPITAL FOR CANCER AND ALLIED DISEASES,Acute Care Hospitals,1275 YORK AVENUE,NEW YORK,NY,10021,NEW YORK,PCH_28_FAC_ADHPCT,Influenza Vaccination Coverage among Healthcare Personnel: Adherence Rate,99,,10/01/2024,03/31/2025
330154,MEMORIAL HOSPITAL FOR CANCER AND ALLIED DISEASES,Acute Care Hospitals,1275 YORK AVENUE,NEW YORK,NY,10021,NEW YORK,PCH_28_FAC_DEN,Influenza Vaccination Coverage among Healthcare Personnel: Denominator,22891,,10/01/2024,03/31/2025
330154,MEMORIAL HOSPITAL FOR CANCER AND ALLIED DISEASES,Acute Care Hospitals,1275 YORK AVENUE,NEW YORK,NY,10021,NEW YORK,PCH_38_FAC_ADHPCT,Percentage of healthcare personnel who are up to date with COVID-19 vaccinations: Adherence Rate,6.9,,04/01/2025,06/30/2025
330154,MEMORIAL HOSPITAL FOR CANCER AND ALLIED DISEASES,Acute Care Hospitals,1275 YORK AVENUE,NEW YORK,NY,10021,NEW YORK,PCH_38_FAC_DEN,Percentage of healthcare personnel who are up to date with COVID-19 vaccinations: Denominator,24434,,04/01/2025,06/30/2025
330154,MEMORIAL HOSPITAL FOR CANCER AND ALLIED DISEASES,Acute Care Hospitals,1275 YORK AVENUE,NEW YORK,NY,10021,NEW YORK,PCH_4_DOPC,Central Line-Associated Bloodstream Infection (CLABSI): Number of Procedures,92467,,07/01/2024,06/30/2025
330154,MEMORIAL HOSPITAL FOR CANCER AND ALLIED DISEASES,Acute Care Hospitals,1275 YORK AVENUE,NEW YORK,NY,10021,NEW YORK,PCH_4_ELIGCASES,Central Line-Associated Bloodstream Infection (CLABSI): Predicted Cases,114.568,,07/01/2024,06/30/2025
330154,MEMORIAL HOSPITAL FOR CANCER AND ALLIED DISEASES,Acute Care Hospitals,1275 YORK AVENUE,NEW YORK,NY,10021,NEW YORK,PCH_4_NUMERATOR,Central Line-Associated Bloodstream Infection (CLABSI): Actual Infections,104,,07/01/2024,06/30/2025
330154,MEMORIAL HOSPITAL FOR CANCER AND ALLIED DISEASES,Acute Care Hospitals,1275 YORK AVENUE,NEW YORK,NY,10021,NEW YORK,PCH_4_SIR,Central Line-Associated Bloodstream Infection (CLABSI): SIR,0.908,,07/01/2024,06/30/2025
330154,MEMORIAL HOSPITAL FOR CANCER AND ALLIED DISEASES,Acute Care Hospitals,1275 YORK AVENUE,NEW YORK,NY,10021,NEW YORK,PCH_5_DOPC,Catheter-Associated Urinary Tract Infections (CAUTI): Number of Procedures,21916,,07/01/2024,06/30/2025
330154,MEMORIAL HOSPITAL FOR CANCER AND ALLIED DISEASES,Acute Care Hospitals,1275 YORK AVENUE,NEW YORK,NY,10021,NEW YORK,PCH_5_ELIGCASES,Catheter-Associated Urinary Tract Infections (CAUTI): Predicted Cases,25.910,,07/01/2024,06/30/2025
330154,MEMORIAL HOSPITAL FOR CANCER AND ALLIED DISEASES,Acute Care Hospitals,1275 YORK AVENUE,NEW YORK,NY,10021,NEW YORK,PCH_5_NUMERATOR,Catheter-Associated Urinary Tract Infections (CAUTI): Actual Infections,26,,07/01/2024,06/30/2025
330154,MEMORIAL HOSPITAL FOR CANCER AND ALLIED DISEASES,Acute Care Hospitals,1275 YORK AVENUE,NEW YORK,NY,10021,NEW YORK,PCH_5_SIR,Catheter-Associated Urinary Tract Infections (CAUTI): SIR,1.003,,07/01/2024,06/30/2025
330154,MEMORIAL HOSPITAL FOR CANCER AND ALLIED DISEASES,Acute Care Hospitals,1275 YORK AVENUE,NEW YORK,NY,10021,NEW YORK,PCH_6_DOPC,SSI - Colon Surgery: Number of Procedures,1161,,07/01/2024,06/30/2025
330154,MEMORIAL HOSPITAL FOR CANCER AND ALLIED DISEASES,Acute Care Hospitals,1275 YORK AVENUE,NEW YORK,NY,10021,NEW YORK,PCH_6_ELIGCASES,SSI - Colon Surgery: Predicted Cases,53.996,,07/01/2024,06/30/2025
330154,MEMORIAL HOSPITAL FOR CANCER AND ALLIED DISEASES,Acute Care Hospitals,1275 YORK AVENUE,NEW YORK,NY,10021,NEW YORK,PCH_6_NUMERATOR,SSI - Colon Surgery: Actual Infections,51,,07/01/2024,06/30/2025
330154,MEMORIAL HOSPITAL FOR CANCER AND ALLIED DISEASES,Acute Care Hospitals,1275 YORK AVENUE,NEW YORK,NY,10021,NEW YORK,PCH_6_SIR,SSI - Colon Surgery: SIR,0.945,,07/01/2024,06/30/2025
330154,MEMORIAL HOSPITAL FOR CANCER AND ALLIED DISEASES,Acute Care Hospitals,1275 YORK AVENUE,NEW YORK,NY,10021,NEW YORK,PCH_7_DOPC,SSI - Abdominal Hysterectomy: Number of Procedures,1009,,07/01/2024,06/30/2025
330154,MEMORIAL HOSPITAL FOR CANCER AND ALLIED DISEASES,Acute Care Hospitals,1275 YORK AVENUE,NEW YORK,NY,10021,NEW YORK,PCH_7_ELIGCASES,SSI - Abdominal Hysterectomy: Predicted Cases,14.336,,07/01/2024,06/30/2025
330154,MEMORIAL HOSPITAL FOR CANCER AND ALLIED DISEASES,Acute Care Hospitals,1275 YORK AVENUE,NEW YORK,NY,10021,NEW YORK,PCH_7_NUMERATOR,SSI - Abdominal Hysterectomy: Actual Infections,13,,07/01/2024,06/30/2025
330154,MEMORIAL HOSPITAL FOR CANCER AND ALLIED DISEASES,Acute Care Hospitals,1275 YORK AVENUE,NEW YORK,NY,10021,NEW YORK,PCH_7_SIR,SSI - Abdominal Hysterectomy: SIR,0.907,,07/01/2024,06/30/2025
330354,ROSWELL PARK CANCER INSTITUTE,Acute Care Hospitals,ELM AND CARLTON STREETS,BUFFALO,NY,14203,ERIE,PCH_26_DOPC,Clostridium Difficile (C.Diff): Patient Days,45676,,07/01/2024,06/30/2025
330354,ROSWELL PARK CANCER INSTITUTE,Acute Care Hospitals,ELM AND CARLTON STREETS,BUFFALO,NY,14203,ERIE,PCH_26_ELIGCASES,Clostridium Difficile (C.Diff): Predicted Cases,79.338,,07/01/2024,06/30/2025
330354,ROSWELL PARK CANCER INSTITUTE,Acute Care Hospitals,ELM AND CARLTON STREETS,BUFFALO,NY,14203,ERIE,PCH_26_NUMERATOR,Clostridium Difficile (C.Diff): Actual Infections,60,,07/01/2024,06/30/2025
330354,ROSWELL PARK CANCER INSTITUTE,Acute Care Hospitals,ELM AND CARLTON STREETS,BUFFALO,NY,14203,ERIE,PCH_26_SIR,Clostridium Difficile (C.Diff): SIR,0.756,,07/01/2024,06/30/2025
330354,ROSWELL PARK CANCER INSTITUTE,Acute Care Hospitals,ELM AND CARLTON STREETS,BUFFALO,NY,14203,ERIE,PCH_27_DOPC,MRSA Bacteremia: Patient Days,45676,,07/01/2024,06/30/2025
330354,ROSWELL PARK CANCER INSTITUTE,Acute Care Hospitals,ELM AND CARLTON STREETS,BUFFALO,NY,14203,ERIE,PCH_27_ELIGCASES,MRSA Bacteremia: Predicted Cases,4.896,,07/01/2024,06/30/2025
330354,ROSWELL PARK CANCER INSTITUTE,Acute Care Hospitals,ELM AND CARLTON STREETS,BUFFALO,NY,14203,ERIE,PCH_27_NUMERATOR,MRSA Bacteremia: Actual Infections,3,,07/01/2024,06/30/2025
330354,ROSWELL PARK CANCER INSTITUTE,Acute Care Hospitals,ELM AND CARLTON STREETS,BUFFALO,NY,14203,ERIE,PCH_27_SIR,MRSA Bacteremia: SIR,0.613,,07/01/2024,06/30/2025
330354,ROSWELL PARK CANCER INSTITUTE,Acute Care Hospitals,ELM AND CARLTON STREETS,BUFFALO,NY,14203,ERIE,PCH_28_FAC_ADHPCT,Influenza Vaccination Coverage among Healthcare Personnel: Adherence Rate,71,,10/01/2024,03/31/2025
330354,ROSWELL PARK CANCER INSTITUTE,Acute Care Hospitals,ELM AND CARLTON STREETS,BUFFALO,NY,14203,ERIE,PCH_28_FAC_DEN,Influenza Vaccination Coverage among Healthcare Personnel: Denominator,4436,,10/01/2024,03/31/2025
330354,ROSWELL PARK CANCER INSTITUTE,Acute Care Hospitals,ELM AND CARLTON STREETS,BUFFALO,NY,14203,ERIE,PCH_38_FAC_ADHPCT,Percentage of healthcare personnel who are up to date with COVID-19 vaccinations: Adherence Rate,16.9,,04/01/2025,06/30/2025
330354,ROSWELL PARK CANCER INSTITUTE,Acute Care Hospitals,ELM AND CARLTON STREETS,BUFFALO,NY,14203,ERIE,PCH_38_FAC_DEN,Percentage of healthcare personnel who are up to date with COVID-19 vaccinations: Denominator,4024,,04/01/2025,06/30/2025
330354,ROSWELL PARK CANCER INSTITUTE,Acute Care Hospitals,ELM AND CARLTON STREETS,BUFFALO,NY,14203,ERIE,PCH_4_DOPC,Central Line-Associated Bloodstream Infection (CLABSI): Number of Procedures,31595,,07/01/2024,06/30/2025
330354,ROSWELL PARK CANCER INSTITUTE,Acute Care Hospitals,ELM AND CARLTON STREETS,BUFFALO,NY,14203,ERIE,PCH_4_ELIGCASES,Central Line-Associated Bloodstream Infection (CLABSI): Predicted Cases,30.935,,07/01/2024,06/30/2025
330354,ROSWELL PARK CANCER INSTITUTE,Acute Care Hospitals,ELM AND CARLTON STREETS,BUFFALO,NY,14203,ERIE,PCH_4_NUMERATOR,Central Line-Associated Bloodstream Infection (CLABSI): Actual Infections,38,,07/01/2024,06/30/2025
330354,ROSWELL PARK CANCER INSTITUTE,Acute Care Hospitals,ELM AND CARLTON STREETS,BUFFALO,NY,14203,ERIE,PCH_4_SIR,Central Line-Associated Bloodstream Infection (CLABSI): SIR,1.228,,07/01/2024,06/30/2025
330354,ROSWELL PARK CANCER INSTITUTE,Acute Care Hospitals,ELM AND CARLTON STREETS,BUFFALO,NY,14203,ERIE,PCH_5_DOPC,Catheter-Associated Urinary Tract Infections (CAUTI): Number of Procedures,11756,,07/01/2024,06/30/2025
330354,ROSWELL PARK CANCER INSTITUTE,Acute Care Hospitals,ELM AND CARLTON STREETS,BUFFALO,NY,14203,ERIE,PCH_5_ELIGCASES,Catheter-Associated Urinary Tract Infections (CAUTI): Predicted Cases,9.803,,07/01/2024,06/30/2025
330354,ROSWELL PARK CANCER INSTITUTE,Acute Care Hospitals,ELM AND CARLTON STREETS,BUFFALO,NY,14203,ERIE,PCH_5_NUMERATOR,Catheter-Associated Urinary Tract Infections (CAUTI): Actual Infections,13,,07/01/2024,06/30/2025
330354,ROSWELL PARK CANCER INSTITUTE,Acute Care Hospitals,ELM AND CARLTON STREETS,BUFFALO,NY,14203,ERIE,PCH_5_SIR,Catheter-Associated Urinary Tract Infections (CAUTI): SIR,1.326,,07/01/2024,06/30/2025
330354,ROSWELL PARK CANCER INSTITUTE,Acute Care Hospitals,ELM AND CARLTON STREETS,BUFFALO,NY,14203,ERIE,PCH_6_DOPC,SSI - Colon Surgery: Number of Procedures,293,,07/01/2024,06/30/2025
330354,ROSWELL PARK CANCER INSTITUTE,Acute Care Hospitals,ELM AND CARLTON STREETS,BUFFALO,NY,14203,ERIE,PCH_6_ELIGCASES,SSI - Colon Surgery: Predicted Cases,13.723,,07/01/2024,06/30/2025
330354,ROSWELL PARK CANCER INSTITUTE,Acute Care Hospitals,ELM AND CARLTON STREETS,BUFFALO,NY,14203,ERIE,PCH_6_NUMERATOR,SSI - Colon Surgery: Actual Infections,11,,07/01/2024,06/30/2025
330354,ROSWELL PARK CANCER INSTITUTE,Acute Care Hospitals,ELM AND CARLTON STREETS,BUFFALO,NY,14203,ERIE,PCH_6_SIR,SSI - Colon Surgery: SIR,0.802,,07/01/2024,06/30/2025
330354,ROSWELL PARK CANCER INSTITUTE,Acute Care Hospitals,ELM AND CARLTON STREETS,BUFFALO,NY,14203,ERIE,PCH_7_DOPC,SSI - Abdominal Hysterectomy: Number of Procedures,250,,07/01/2024,06/30/2025
330354,ROSWELL PARK CANCER INSTITUTE,Acute Care Hospitals,ELM AND CARLTON STREETS,BUFFALO,NY,14203,ERIE,PCH_7_ELIGCASES,SSI - Abdominal Hysterectomy: Predicted Cases,3.713,,07/01/2024,06/30/2025
330354,ROSWELL PARK CANCER INSTITUTE,Acute Care Hospitals,ELM AND CARLTON STREETS,BUFFALO,NY,14203,ERIE,PCH_7_NUMERATOR,SSI - Abdominal Hysterectomy: Actual Infections,1,,07/01/2024,06/30/2025
330354,ROSWELL PARK CANCER INSTITUTE,Acute Care Hospitals,ELM AND CARLTON STREETS,BUFFALO,NY,14203,ERIE,PCH_7_SIR,SSI - Abdominal Hysterectomy: SIR,0.269,,07/01/2024,06/30/2025
360242,JAMES CANCER HOSPITAL & SOLOVE RESEARCH INSTITUTE,Acute Care Hospitals,460 WEST TENTH AVENUE,COLUMBUS,OH,43210,FRANKLIN,PCH_26_DOPC,Clostridium Difficile (C.Diff): Patient Days,122768,,07/01/2024,06/30/2025
360242,JAMES CANCER HOSPITAL & SOLOVE RESEARCH INSTITUTE,Acute Care Hospitals,460 WEST TENTH AVENUE,COLUMBUS,OH,43210,FRANKLIN,PCH_26_ELIGCASES,Clostridium Difficile (C.Diff): Predicted Cases,141.057,,07/01/2024,06/30/2025
360242,JAMES CANCER HOSPITAL & SOLOVE RESEARCH INSTITUTE,Acute Care Hospitals,460 WEST TENTH AVENUE,COLUMBUS,OH,43210,FRANKLIN,PCH_26_NUMERATOR,Clostridium Difficile (C.Diff): Actual Infections,57,,07/01/2024,06/30/2025
360242,JAMES CANCER HOSPITAL & SOLOVE RESEARCH INSTITUTE,Acute Care Hospitals,460 WEST TENTH AVENUE,COLUMBUS,OH,43210,FRANKLIN,PCH_26_SIR,Clostridium Difficile (C.Diff): SIR,0.404,,07/01/2024,06/30/2025
360242,JAMES CANCER HOSPITAL & SOLOVE RESEARCH INSTITUTE,Acute Care Hospitals,460 WEST TENTH AVENUE,COLUMBUS,OH,43210,FRANKLIN,PCH_27_DOPC,MRSA Bacteremia: Patient Days,122768,,07/01/2024,06/30/2025
360242,JAMES CANCER HOSPITAL & SOLOVE RESEARCH INSTITUTE,Acute Care Hospitals,460 WEST TENTH AVENUE,COLUMBUS,OH,43210,FRANKLIN,PCH_27_ELIGCASES,MRSA Bacteremia: Predicted Cases,20.061,,07/01/2024,06/30/2025
360242,JAMES CANCER HOSPITAL & SOLOVE RESEARCH INSTITUTE,Acute Care Hospitals,460 WEST TENTH AVENUE,COLUMBUS,OH,43210,FRANKLIN,PCH_27_NUMERATOR,MRSA Bacteremia: Actual Infections,16,,07/01/2024,06/30/2025
360242,JAMES CANCER HOSPITAL & SOLOVE RESEARCH INSTITUTE,Acute Care Hospitals,460 WEST TENTH AVENUE,COLUMBUS,OH,43210,FRANKLIN,PCH_27_SIR,MRSA Bacteremia: SIR,0.798,,07/01/2024,06/30/2025
360242,JAMES CANCER HOSPITAL & SOLOVE RESEARCH INSTITUTE,Acute Care Hospitals,460 WEST TENTH AVENUE,COLUMBUS,OH,43210,FRANKLIN,PCH_28_FAC_ADHPCT,Influenza Vaccination Coverage among Healthcare Personnel: Adherence Rate,89,,10/01/2024,03/31/2025
360242,JAMES CANCER HOSPITAL & SOLOVE RESEARCH INSTITUTE,Acute Care Hospitals,460 WEST TENTH AVENUE,COLUMBUS,OH,43210,FRANKLIN,PCH_28_FAC_DEN,Influenza Vaccination Coverage among Healthcare Personnel: Denominator,18574,,10/01/2024,03/31/2025
360242,JAMES CANCER HOSPITAL & SOLOVE RESEARCH INSTITUTE,Acute Care Hospitals,460 WEST TENTH AVENUE,COLUMBUS,OH,43210,FRANKLIN,PCH_38_FAC_ADHPCT,Percentage of healthcare personnel who are up to date with COVID-19 vaccinations: Adherence Rate,0,,04/01/2025,06/30/2025
360242,JAMES CANCER HOSPITAL & SOLOVE RESEARCH INSTITUTE,Acute Care Hospitals,460 WEST TENTH AVENUE,COLUMBUS,OH,43210,FRANKLIN,PCH_38_FAC_DEN,Percentage of healthcare personnel who are up to date with COVID-19 vaccinations: Denominator,6634,,04/01/2025,06/30/2025
360242,JAMES CANCER HOSPITAL & SOLOVE RESEARCH INSTITUTE,Acute Care Hospitals,460 WEST TENTH AVENUE,COLUMBUS,OH,43210,FRANKLIN,PCH_4_DOPC,Central Line-Associated Bloodstream Infection (CLABSI): Number of Procedures,56445,,07/01/2024,06/30/2025
360242,JAMES CANCER HOSPITAL & SOLOVE RESEARCH INSTITUTE,Acute Care Hospitals,460 WEST TENTH AVENUE,COLUMBUS,OH,43210,FRANKLIN,PCH_4_ELIGCASES,Central Line-Associated Bloodstream Infection (CLABSI): Predicted Cases,70.223,,07/01/2024,06/30/2025
360242,JAMES CANCER HOSPITAL & SOLOVE RESEARCH INSTITUTE,Acute Care Hospitals,460 WEST TENTH AVENUE,COLUMBUS,OH,43210,FRANKLIN,PCH_4_NUMERATOR,Central Line-Associated Bloodstream Infection (CLABSI): Actual Infections,54,,07/01/2024,06/30/2025
360242,JAMES CANCER HOSPITAL & SOLOVE RESEARCH INSTITUTE,Acute Care Hospitals,460 WEST TENTH AVENUE,COLUMBUS,OH,43210,FRANKLIN,PCH_4_SIR,Central Line-Associated Bloodstream Infection (CLABSI): SIR,0.769,,07/01/2024,06/30/2025
360242,JAMES CANCER HOSPITAL & SOLOVE RESEARCH INSTITUTE,Acute Care Hospitals,460 WEST TENTH AVENUE,COLUMBUS,OH,43210,FRANKLIN,PCH_5_DOPC,Catheter-Associated Urinary Tract Infections (CAUTI): Number of Procedures,22099,,07/01/2024,06/30/2025
360242,JAMES CANCER HOSPITAL & SOLOVE RESEARCH INSTITUTE,Acute Care Hospitals,460 WEST TENTH AVENUE,COLUMBUS,OH,43210,FRANKLIN,PCH_5_ELIGCASES,Catheter-Associated Urinary Tract Infections (CAUTI): Predicted Cases,27.479,,07/01/2024,06/30/2025
360242,JAMES CANCER HOSPITAL & SOLOVE RESEARCH INSTITUTE,Acute Care Hospitals,460 WEST TENTH AVENUE,COLUMBUS,OH,43210,FRANKLIN,PCH_5_NUMERATOR,Catheter-Associated Urinary Tract Infections (CAUTI): Actual Infections,9,,07/01/2024,06/30/2025
360242,JAMES CANCER HOSPITAL & SOLOVE RESEARCH INSTITUTE,Acute Care Hospitals,460 WEST TENTH AVENUE,COLUMBUS,OH,43210,FRANKLIN,PCH_5_SIR,Catheter-Associated Urinary Tract Infections (CAUTI): SIR,0.328,,07/01/2024,06/30/2025
360242,JAMES CANCER HOSPITAL & SOLOVE RESEARCH INSTITUTE,Acute Care Hospitals,460 WEST TENTH AVENUE,COLUMBUS,OH,43210,FRANKLIN,PCH_6_DOPC,SSI - Colon Surgery: Number of Procedures,502,,07/01/2024,06/30/2025
360242,JAMES CANCER HOSPITAL & SOLOVE RESEARCH INSTITUTE,Acute Care Hospitals,460 WEST TENTH AVENUE,COLUMBUS,OH,43210,FRANKLIN,PCH_6_ELIGCASES,SSI - Colon Surgery: Predicted Cases,24.152,,07/01/2024,06/30/2025
360242,JAMES CANCER HOSPITAL & SOLOVE RESEARCH INSTITUTE,Acute Care Hospitals,460 WEST TENTH AVENUE,COLUMBUS,OH,43210,FRANKLIN,PCH_6_NUMERATOR,SSI - Colon Surgery: Actual Infections,23,,07/01/2024,06/30/2025
360242,JAMES CANCER HOSPITAL & SOLOVE RESEARCH INSTITUTE,Acute Care Hospitals,460 WEST TENTH AVENUE,COLUMBUS,OH,43210,FRANKLIN,PCH_6_SIR,SSI - Colon Surgery: SIR,0.952,,07/01/2024,06/30/2025
360242,JAMES CANCER HOSPITAL & SOLOVE RESEARCH INSTITUTE,Acute Care Hospitals,460 WEST TENTH AVENUE,COLUMBUS,OH,43210,FRANKLIN,PCH_7_DOPC,SSI - Abdominal Hysterectomy: Number of Procedures,298,,07/01/2024,06/30/2025
360242,JAMES CANCER HOSPITAL & SOLOVE RESEARCH INSTITUTE,Acute Care Hospitals,460 WEST TENTH AVENUE,COLUMBUS,OH,43210,FRANKLIN,PCH_7_ELIGCASES,SSI - Abdominal Hysterectomy: Predicted Cases,4.490,,07/01/2024,06/30/2025
360242,JAMES CANCER HOSPITAL & SOLOVE RESEARCH INSTITUTE,Acute Care Hospitals,460 WEST TENTH AVENUE,COLUMBUS,OH,43210,FRANKLIN,PCH_7_NUMERATOR,SSI - Abdominal Hysterectomy: Actual Infections,3,,07/01/2024,06/30/2025
360242,JAMES CANCER HOSPITAL & SOLOVE RESEARCH INSTITUTE,Acute Care Hospitals,460 WEST TENTH AVENUE,COLUMBUS,OH,43210,FRANKLIN,PCH_7_SIR,SSI - Abdominal Hysterectomy: SIR,0.668,,07/01/2024,06/30/2025
390196,HOSPITAL OF THE FOX CHASE CANCER CENTER,Acute Care Hospitals,333 COTTMAN AVENUE,PHILADELPHIA,PA,19111,PHILADELPHIA,PCH_26_DOPC,Clostridium Difficile (C.Diff): Patient Days,23623,,07/01/2024,06/30/2025
390196,HOSPITAL OF THE FOX CHASE CANCER CENTER,Acute Care Hospitals,333 COTTMAN AVENUE,PHILADELPHIA,PA,19111,PHILADELPHIA,PCH_26_ELIGCASES,Clostridium Difficile (C.Diff): Predicted Cases,15.295,,07/01/2024,06/30/2025
390196,HOSPITAL OF THE FOX CHASE CANCER CENTER,Acute Care Hospitals,333 COTTMAN AVENUE,PHILADELPHIA,PA,19111,PHILADELPHIA,PCH_26_NUMERATOR,Clostridium Difficile (C.Diff): Actual Infections,6,,07/01/2024,06/30/2025
390196,HOSPITAL OF THE FOX CHASE CANCER CENTER,Acute Care Hospitals,333 COTTMAN AVENUE,PHILADELPHIA,PA,19111,PHILADELPHIA,PCH_26_SIR,Clostridium Difficile (C.Diff): SIR,0.392,,07/01/2024,06/30/2025
390196,HOSPITAL OF THE FOX CHASE CANCER CENTER,Acute Care Hospitals,333 COTTMAN AVENUE,PHILADELPHIA,PA,19111,PHILADELPHIA,PCH_27_DOPC,MRSA Bacteremia: Patient Days,23623,,07/01/2024,06/30/2025
390196,HOSPITAL OF THE FOX CHASE CANCER CENTER,Acute Care Hospitals,333 COTTMAN AVENUE,PHILADELPHIA,PA,19111,PHILADELPHIA,PCH_27_ELIGCASES,MRSA Bacteremia: Predicted Cases,2.163,,07/01/2024,06/30/2025
390196,HOSPITAL OF THE FOX CHASE CANCER CENTER,Acute Care Hospitals,333 COTTMAN AVENUE,PHILADELPHIA,PA,19111,PHILADELPHIA,PCH_27_NUMERATOR,MRSA Bacteremia: Actual Infections,0,,07/01/2024,06/30/2025
390196,HOSPITAL OF THE FOX CHASE CANCER CENTER,Acute Care Hospitals,333 COTTMAN AVENUE,PHILADELPHIA,PA,19111,PHILADELPHIA,PCH_27_SIR,MRSA Bacteremia: SIR,0.000,,07/01/2024,06/30/2025
390196,HOSPITAL OF THE FOX CHASE CANCER CENTER,Acute Care Hospitals,333 COTTMAN AVENUE,PHILADELPHIA,PA,19111,PHILADELPHIA,PCH_28_FAC_ADHPCT,Influenza Vaccination Coverage among Healthcare Personnel: Adherence Rate,87,,10/01/2024,03/31/2025
390196,HOSPITAL OF THE FOX CHASE CANCER CENTER,Acute Care Hospitals,333 COTTMAN AVENUE,PHILADELPHIA,PA,19111,PHILADELPHIA,PCH_28_FAC_DEN,Influenza Vaccination Coverage among Healthcare Personnel: Denominator,2689,,10/01/2024,03/31/2025
390196,HOSPITAL OF THE FOX CHASE CANCER CENTER,Acute Care Hospitals,333 COTTMAN AVENUE,PHILADELPHIA,PA,19111,PHILADELPHIA,PCH_38_FAC_ADHPCT,Percentage of healthcare personnel who are up to date with COVID-19 vaccinations: Adherence Rate,0,,04/01/2025,06/30/2025
390196,HOSPITAL OF THE FOX CHASE CANCER CENTER,Acute Care Hospitals,333 COTTMAN AVENUE,PHILADELPHIA,PA,19111,PHILADELPHIA,PCH_38_FAC_DEN,Percentage of healthcare personnel who are up to date with COVID-19 vaccinations: Denominator,2539,,04/01/2025,06/30/2025
390196,HOSPITAL OF THE FOX CHASE CANCER CENTER,Acute Care Hospitals,333 COTTMAN AVENUE,PHILADELPHIA,PA,19111,PHILADELPHIA,PCH_4_DOPC,Central Line-Associated Bloodstream Infection (CLABSI): Number of Procedures,12730,,07/01/2024,06/30/2025
390196,HOSPITAL OF THE FOX CHASE CANCER CENTER,Acute Care Hospitals,333 COTTMAN AVENUE,PHILADELPHIA,PA,19111,PHILADELPHIA,PCH_4_ELIGCASES,Central Line-Associated Bloodstream Infection (CLABSI): Predicted Cases,11.601,,07/01/2024,06/30/2025
390196,HOSPITAL OF THE FOX CHASE CANCER CENTER,Acute Care Hospitals,333 COTTMAN AVENUE,PHILADELPHIA,PA,19111,PHILADELPHIA,PCH_4_NUMERATOR,Central Line-Associated Bloodstream Infection (CLABSI): Actual Infections,3,,07/01/2024,06/30/2025
390196,HOSPITAL OF THE FOX CHASE CANCER CENTER,Acute Care Hospitals,333 COTTMAN AVENUE,PHILADELPHIA,PA,19111,PHILADELPHIA,PCH_4_SIR,Central Line-Associated Bloodstream Infection (CLABSI): SIR,0.259,,07/01/2024,06/30/2025
390196,HOSPITAL OF THE FOX CHASE CANCER CENTER,Acute Care Hospitals,333 COTTMAN AVENUE,PHILADELPHIA,PA,19111,PHILADELPHIA,PCH_5_DOPC,Catheter-Associated Urinary Tract Infections (CAUTI): Number of Procedures,4598,,07/01/2024,06/30/2025
390196,HOSPITAL OF THE FOX CHASE CANCER CENTER,Acute Care Hospitals,333 COTTMAN AVENUE,PHILADELPHIA,PA,19111,PHILADELPHIA,PCH_5_ELIGCASES,Catheter-Associated Urinary Tract Infections (CAUTI): Predicted Cases,4.581,,07/01/2024,06/30/2025
390196,HOSPITAL OF THE FOX CHASE CANCER CENTER,Acute Care Hospitals,333 COTTMAN AVENUE,PHILADELPHIA,PA,19111,PHILADELPHIA,PCH_5_NUMERATOR,Catheter-Associated Urinary Tract Infections (CAUTI): Actual Infections,7,,07/01/2024,06/30/2025
390196,HOSPITAL OF THE FOX CHASE CANCER CENTER,Acute Care Hospitals,333 COTTMAN AVENUE,PHILADELPHIA,PA,19111,PHILADELPHIA,PCH_5_SIR,Catheter-Associated Urinary Tract Infections (CAUTI): SIR,1.528,,07/01/2024,06/30/2025
390196,HOSPITAL OF THE FOX CHASE CANCER CENTER,Acute Care Hospitals,333 COTTMAN AVENUE,PHILADELPHIA,PA,19111,PHILADELPHIA,PCH_6_DOPC,SSI - Colon Surgery: Number of Procedures,212,,07/01/2024,06/30/2025
390196,HOSPITAL OF THE FOX CHASE CANCER CENTER,Acute Care Hospitals,333 COTTMAN AVENUE,PHILADELPHIA,PA,19111,PHILADELPHIA,PCH_6_ELIGCASES,SSI - Colon Surgery: Predicted Cases,9.695,,07/01/2024,06/30/2025
390196,HOSPITAL OF THE FOX CHASE CANCER CENTER,Acute Care Hospitals,333 COTTMAN AVENUE,PHILADELPHIA,PA,19111,PHILADELPHIA,PCH_6_NUMERATOR,SSI - Colon Surgery: Actual Infections,9,,07/01/2024,06/30/2025
390196,HOSPITAL OF THE FOX CHASE CANCER CENTER,Acute Care Hospitals,333 COTTMAN AVENUE,PHILADELPHIA,PA,19111,PHILADELPHIA,PCH_6_SIR,SSI - Colon Surgery: SIR,0.928,,07/01/2024,06/30/2025
390196,HOSPITAL OF THE FOX CHASE CANCER CENTER,Acute Care Hospitals,333 COTTMAN AVENUE,PHILADELPHIA,PA,19111,PHILADELPHIA,PCH_7_DOPC,SSI - Abdominal Hysterectomy: Number of Procedures,243,,07/01/2024,06/30/2025
390196,HOSPITAL OF THE FOX CHASE CANCER CENTER,Acute Care Hospitals,333 COTTMAN AVENUE,PHILADELPHIA,PA,19111,PHILADELPHIA,PCH_7_ELIGCASES,SSI - Abdominal Hysterectomy: Predicted Cases,3.301,,07/01/2024,06/30/2025
390196,HOSPITAL OF THE FOX CHASE CANCER CENTER,Acute Care Hospitals,333 COTTMAN AVENUE,PHILADELPHIA,PA,19111,PHILADELPHIA,PCH_7_NUMERATOR,SSI - Abdominal Hysterectomy: Actual Infections,2,,07/01/2024,06/30/2025
390196,HOSPITAL OF THE FOX CHASE CANCER CENTER,Acute Care Hospitals,333 COTTMAN AVENUE,PHILADELPHIA,PA,19111,PHILADELPHIA,PCH_7_SIR,SSI - Abdominal Hysterectomy: SIR,0.606,,07/01/2024,06/30/2025
450076,"UNIVERSITY OF TEXAS M D ANDERSON CANCER CENTER,THE",Acute Care Hospitals,1515 HOLCOMBE BLVD,HOUSTON,TX,77030,HARRIS,PCH_26_DOPC,Clostridium Difficile (C.Diff): Patient Days,244739,,07/01/2024,06/30/2025
450076,"UNIVERSITY OF TEXAS M D ANDERSON CANCER CENTER,THE",Acute Care Hospitals,1515 HOLCOMBE BLVD,HOUSTON,TX,77030,HARRIS,PCH_26_ELIGCASES,Clostridium Difficile (C.Diff): Predicted Cases,333.053,,07/01/2024,06/30/2025
450076,"UNIVERSITY OF TEXAS M D ANDERSON CANCER CENTER,THE",Acute Care Hospitals,1515 HOLCOMBE BLVD,HOUSTON,TX,77030,HARRIS,PCH_26_NUMERATOR,Clostridium Difficile (C.Diff): Actual Infections,49,,07/01/2024,06/30/2025
450076,"UNIVERSITY OF TEXAS M D ANDERSON CANCER CENTER,THE",Acute Care Hospitals,1515 HOLCOMBE BLVD,HOUSTON,TX,77030,HARRIS,PCH_26_SIR,Clostridium Difficile (C.Diff): SIR,0.147,,07/01/2024,06/30/2025
450076,"UNIVERSITY OF TEXAS M D ANDERSON CANCER CENTER,THE",Acute Care Hospitals,1515 HOLCOMBE BLVD,HOUSTON,TX,77030,HARRIS,PCH_27_DOPC,MRSA Bacteremia: Patient Days,244739,,07/01/2024,06/30/2025
450076,"UNIVERSITY OF TEXAS M D ANDERSON CANCER CENTER,THE",Acute Care Hospitals,1515 HOLCOMBE BLVD,HOUSTON,TX,77030,HARRIS,PCH_27_ELIGCASES,MRSA Bacteremia: Predicted Cases,34.102,,07/01/2024,06/30/2025
450076,"UNIVERSITY OF TEXAS M D ANDERSON CANCER CENTER,THE",Acute Care Hospitals,1515 HOLCOMBE BLVD,HOUSTON,TX,77030,HARRIS,PCH_27_NUMERATOR,MRSA Bacteremia: Actual Infections,18,,07/01/2024,06/30/2025
450076,"UNIVERSITY OF TEXAS M D ANDERSON CANCER CENTER,THE",Acute Care Hospitals,1515 HOLCOMBE BLVD,HOUSTON,TX,77030,HARRIS,PCH_27_SIR,MRSA Bacteremia: SIR,0.528,,07/01/2024,06/30/2025
450076,"UNIVERSITY OF TEXAS M D ANDERSON CANCER CENTER,THE",Acute Care Hospitals,1515 HOLCOMBE BLVD,HOUSTON,TX,77030,HARRIS,PCH_28_FAC_ADHPCT,Influenza Vaccination Coverage among Healthcare Personnel: Adherence Rate,83,,10/01/2024,03/31/2025
450076,"UNIVERSITY OF TEXAS M D ANDERSON CANCER CENTER,THE",Acute Care Hospitals,1515 HOLCOMBE BLVD,HOUSTON,TX,77030,HARRIS,PCH_28_FAC_DEN,Influenza Vaccination Coverage among Healthcare Personnel: Denominator,27692,,10/01/2024,03/31/2025
450076,"UNIVERSITY OF TEXAS M D ANDERSON CANCER CENTER,THE",Acute Care Hospitals,1515 HOLCOMBE BLVD,HOUSTON,TX,77030,HARRIS,PCH_38_FAC_ADHPCT,Percentage of healthcare personnel who are up to date with COVID-19 vaccinations: Adherence Rate,30.3,,04/01/2025,06/30/2025
450076,"UNIVERSITY OF TEXAS M D ANDERSON CANCER CENTER,THE",Acute Care Hospitals,1515 HOLCOMBE BLVD,HOUSTON,TX,77030,HARRIS,PCH_38_FAC_DEN,Percentage of healthcare personnel who are up to date with COVID-19 vaccinations: Denominator,4510,,04/01/2025,06/30/2025
450076,"UNIVERSITY OF TEXAS M D ANDERSON CANCER CENTER,THE",Acute Care Hospitals,1515 HOLCOMBE BLVD,HOUSTON,TX,77030,HARRIS,PCH_4_DOPC,Central Line-Associated Bloodstream Infection (CLABSI): Number of Procedures,144251,,07/01/2024,06/30/2025
450076,"UNIVERSITY OF TEXAS M D ANDERSON CANCER CENTER,THE",Acute Care Hospitals,1515 HOLCOMBE BLVD,HOUSTON,TX,77030,HARRIS,PCH_4_ELIGCASES,Central Line-Associated Bloodstream Infection (CLABSI): Predicted Cases,159.159,,07/01/2024,06/30/2025
450076,"UNIVERSITY OF TEXAS M D ANDERSON CANCER CENTER,THE",Acute Care Hospitals,1515 HOLCOMBE BLVD,HOUSTON,TX,77030,HARRIS,PCH_4_NUMERATOR,Central Line-Associated Bloodstream Infection (CLABSI): Actual Infections,43,,07/01/2024,06/30/2025
450076,"UNIVERSITY OF TEXAS M D ANDERSON CANCER CENTER,THE",Acute Care Hospitals,1515 HOLCOMBE BLVD,HOUSTON,TX,77030,HARRIS,PCH_4_SIR,Central Line-Associated Bloodstream Infection (CLABSI): SIR,0.270,,07/01/2024,06/30/2025
450076,"UNIVERSITY OF TEXAS M D ANDERSON CANCER CENTER,THE",Acute Care Hospitals,1515 HOLCOMBE BLVD,HOUSTON,TX,77030,HARRIS,PCH_5_DOPC,Catheter-Associated Urinary Tract Infections (CAUTI): Number of Procedures,31269,,07/01/2024,06/30/2025
450076,"UNIVERSITY OF TEXAS M D ANDERSON CANCER CENTER,THE",Acute Care Hospitals,1515 HOLCOMBE BLVD,HOUSTON,TX,77030,HARRIS,PCH_5_ELIGCASES,Catheter-Associated Urinary Tract Infections (CAUTI): Predicted Cases,28.462,,07/01/2024,06/30/2025
450076,"UNIVERSITY OF TEXAS M D ANDERSON CANCER CENTER,THE",Acute Care Hospitals,1515 HOLCOMBE BLVD,HOUSTON,TX,77030,HARRIS,PCH_5_NUMERATOR,Catheter-Associated Urinary Tract Infections (CAUTI): Actual Infections,21,,07/01/2024,06/30/2025
450076,"UNIVERSITY OF TEXAS M D ANDERSON CANCER CENTER,THE",Acute Care Hospitals,1515 HOLCOMBE BLVD,HOUSTON,TX,77030,HARRIS,PCH_5_SIR,Catheter-Associated Urinary Tract Infections (CAUTI): SIR,0.738,,07/01/2024,06/30/2025
450076,"UNIVERSITY OF TEXAS M D ANDERSON CANCER CENTER,THE",Acute Care Hospitals,1515 HOLCOMBE BLVD,HOUSTON,TX,77030,HARRIS,PCH_6_DOPC,SSI - Colon Surgery: Number of Procedures,782,,07/01/2024,06/30/2025
450076,"UNIVERSITY OF TEXAS M D ANDERSON CANCER CENTER,THE",Acute Care Hospitals,1515 HOLCOMBE BLVD,HOUSTON,TX,77030,HARRIS,PCH_6_ELIGCASES,SSI - Colon Surgery: Predicted Cases,37.908,,07/01/2024,06/30/2025
450076,"UNIVERSITY OF TEXAS M D ANDERSON CANCER CENTER,THE",Acute Care Hospitals,1515 HOLCOMBE BLVD,HOUSTON,TX,77030,HARRIS,PCH_6_NUMERATOR,SSI - Colon Surgery: Actual Infections,24,,07/01/2024,06/30/2025
450076,"UNIVERSITY OF TEXAS M D ANDERSON CANCER CENTER,THE",Acute Care Hospitals,1515 HOLCOMBE BLVD,HOUSTON,TX,77030,HARRIS,PCH_6_SIR,SSI - Colon Surgery: SIR,0.633,,07/01/2024,06/30/2025
450076,"UNIVERSITY OF TEXAS M D ANDERSON CANCER CENTER,THE",Acute Care Hospitals,1515 HOLCOMBE BLVD,HOUSTON,TX,77030,HARRIS,PCH_7_DOPC,SSI - Abdominal Hysterectomy: Number of Procedures,258,,07/01/2024,06/30/2025
450076,"UNIVERSITY OF TEXAS M D ANDERSON CANCER CENTER,THE",Acute Care Hospitals,1515 HOLCOMBE BLVD,HOUSTON,TX,77030,HARRIS,PCH_7_ELIGCASES,SSI - Abdominal Hysterectomy: Predicted Cases,3.818,,07/01/2024,06/30/2025
450076,"UNIVERSITY OF TEXAS M D ANDERSON CANCER CENTER,THE",Acute Care Hospitals,1515 HOLCOMBE BLVD,HOUSTON,TX,77030,HARRIS,PCH_7_NUMERATOR,SSI - Abdominal Hysterectomy: Actual Infections,0,,07/01/2024,06/30/2025
450076,"UNIVERSITY OF TEXAS M D ANDERSON CANCER CENTER,THE",Acute Care Hospitals,1515 HOLCOMBE BLVD,HOUSTON,TX,77030,HARRIS,PCH_7_SIR,SSI - Abdominal Hysterectomy: SIR,0.000,,07/01/2024,06/30/2025
500138,FRED HUTCHINSON CANCER INSTITUTE,Acute Care Hospitals,825 EASTLAKE AVENUE EAST,SEATTLE,WA,98109,KING,PCH_26_DOPC,Clostridium Difficile (C.Diff): Patient Days,6681,,07/01/2024,06/30/2025
500138,FRED HUTCHINSON CANCER INSTITUTE,Acute Care Hospitals,825 EASTLAKE AVENUE EAST,SEATTLE,WA,98109,KING,PCH_26_ELIGCASES,Clostridium Difficile (C.Diff): Predicted Cases,2.674,,07/01/2024,06/30/2025
500138,FRED HUTCHINSON CANCER INSTITUTE,Acute Care Hospitals,825 EASTLAKE AVENUE EAST,SEATTLE,WA,98109,KING,PCH_26_NUMERATOR,Clostridium Difficile (C.Diff): Actual Infections,8,,07/01/2024,06/30/2025
500138,FRED HUTCHINSON CANCER INSTITUTE,Acute Care Hospitals,825 EASTLAKE AVENUE EAST,SEATTLE,WA,98109,KING,PCH_26_SIR,Clostridium Difficile (C.Diff): SIR,2.992,,07/01/2024,06/30/2025
500138,FRED HUTCHINSON CANCER INSTITUTE,Acute Care Hospitals,825 EASTLAKE AVENUE EAST,SEATTLE,WA,98109,KING,PCH_27_DOPC,MRSA Bacteremia: Patient Days,6681,13,07/01/2024,06/30/2025
500138,FRED HUTCHINSON CANCER INSTITUTE,Acute Care Hospitals,825 EASTLAKE AVENUE EAST,SEATTLE,WA,98109,KING,PCH_27_ELIGCASES,MRSA Bacteremia: Predicted Cases,0.430,13,07/01/2024,06/30/2025
500138,FRED HUTCHINSON CANCER INSTITUTE,Acute Care Hospitals,825 EASTLAKE AVENUE EAST,SEATTLE,WA,98109,KING,PCH_27_NUMERATOR,MRSA Bacteremia: Actual Infections,0,13,07/01/2024,06/30/2025
500138,FRED HUTCHINSON CANCER INSTITUTE,Acute Care Hospitals,825 EASTLAKE AVENUE EAST,SEATTLE,WA,98109,KING,PCH_27_SIR,MRSA Bacteremia: SIR,Not Available,13,07/01/2024,06/30/2025
500138,FRED HUTCHINSON CANCER INSTITUTE,Acute Care Hospitals,825 EASTLAKE AVENUE EAST,SEATTLE,WA,98109,KING,PCH_28_FAC_ADHPCT,Influenza Vaccination Coverage among Healthcare Personnel: Adherence Rate,55,,10/01/2024,03/31/2025
500138,FRED HUTCHINSON CANCER INSTITUTE,Acute Care Hospitals,825 EASTLAKE AVENUE EAST,SEATTLE,WA,98109,KING,PCH_28_FAC_DEN,Influenza Vaccination Coverage among Healthcare Personnel: Denominator,7978,,10/01/2024,03/31/2025
500138,FRED HUTCHINSON CANCER INSTITUTE,Acute Care Hospitals,825 EASTLAKE AVENUE EAST,SEATTLE,WA,98109,KING,PCH_38_FAC_ADHPCT,Percentage of healthcare personnel who are up to date with COVID-19 vaccinations: Adherence Rate,52.7,,04/01/2025,06/30/2025
500138,FRED HUTCHINSON CANCER INSTITUTE,Acute Care Hospitals,825 EASTLAKE AVENUE EAST,SEATTLE,WA,98109,KING,PCH_38_FAC_DEN,Percentage of healthcare personnel who are up to date with COVID-19 vaccinations: Denominator,7804,,04/01/2025,06/30/2025
500138,FRED HUTCHINSON CANCER INSTITUTE,Acute Care Hospitals,825 EASTLAKE AVENUE EAST,SEATTLE,WA,98109,KING,PCH_4_DOPC,Central Line-Associated Bloodstream Infection (CLABSI): Number of Procedures,6157,,07/01/2024,06/30/2025
500138,FRED HUTCHINSON CANCER INSTITUTE,Acute Care Hospitals,825 EASTLAKE AVENUE EAST,SEATTLE,WA,98109,KING,PCH_4_ELIGCASES,Central Line-Associated Bloodstream Infection (CLABSI): Predicted Cases,7.716,,07/01/2024,06/30/2025
500138,FRED HUTCHINSON CANCER INSTITUTE,Acute Care Hospitals,825 EASTLAKE AVENUE EAST,SEATTLE,WA,98109,KING,PCH_4_NUMERATOR,Central Line-Associated Bloodstream Infection (CLABSI): Actual Infections,13,,07/01/2024,06/30/2025
500138,FRED HUTCHINSON CANCER INSTITUTE,Acute Care Hospitals,825 EASTLAKE AVENUE EAST,SEATTLE,WA,98109,KING,PCH_4_SIR,Central Line-Associated Bloodstream Infection (CLABSI): SIR,1.685,,07/01/2024,06/30/2025
500138,FRED HUTCHINSON CANCER INSTITUTE,Acute Care Hospitals,825 EASTLAKE AVENUE EAST,SEATTLE,WA,98109,KING,PCH_5_DOPC,Catheter-Associated Urinary Tract Infections (CAUTI): Number of Procedures,161,13,07/01/2024,06/30/2025
500138,FRED HUTCHINSON CANCER INSTITUTE,Acute Care Hospitals,825 EASTLAKE AVENUE EAST,SEATTLE,WA,98109,KING,PCH_5_ELIGCASES,Catheter-Associated Urinary Tract Infections (CAUTI): Predicted Cases,0.164,13,07/01/2024,06/30/2025
500138,FRED HUTCHINSON CANCER INSTITUTE,Acute Care Hospitals,825 EASTLAKE AVENUE EAST,SEATTLE,WA,98109,KING,PCH_5_NUMERATOR,Catheter-Associated Urinary Tract Infections (CAUTI): Actual Infections,1,13,07/01/2024,06/30/2025
500138,FRED HUTCHINSON CANCER INSTITUTE,Acute Care Hospitals,825 EASTLAKE AVENUE EAST,SEATTLE,WA,98109,KING,PCH_5_SIR,Catheter-Associated Urinary Tract Infections (CAUTI): SIR,Not Available,13,07/01/2024,06/30/2025
500138,FRED HUTCHINSON CANCER INSTITUTE,Acute Care Hospitals,825 EASTLAKE AVENUE EAST,SEATTLE,WA,98109,KING,PCH_6_DOPC,SSI - Colon Surgery: Number of Procedures,Not Available,5,07/01/2024,06/30/2025
500138,FRED HUTCHINSON CANCER INSTITUTE,Acute Care Hospitals,825 EASTLAKE AVENUE EAST,SEATTLE,WA,98109,KING,PCH_6_ELIGCASES,SSI - Colon Surgery: Predicted Cases,Not Available,5,07/01/2024,06/30/2025
500138,FRED HUTCHINSON CANCER INSTITUTE,Acute Care Hospitals,825 EASTLAKE AVENUE EAST,SEATTLE,WA,98109,KING,PCH_6_NUMERATOR,SSI - Colon Surgery: Actual Infections,Not Available,5,07/01/2024,06/30/2025
500138,FRED HUTCHINSON CANCER INSTITUTE,Acute Care Hospitals,825 EASTLAKE AVENUE EAST,SEATTLE,WA,98109,KING,PCH_6_SIR,SSI - Colon Surgery: SIR,Not Available,5,07/01/2024,06/30/2025
500138,FRED HUTCHINSON CANCER INSTITUTE,Acute Care Hospitals,825 EASTLAKE AVENUE EAST,SEATTLE,WA,98109,KING,PCH_7_DOPC,SSI - Abdominal Hysterectomy: Number of Procedures,Not Available,5,07/01/2024,06/30/2025
500138,FRED HUTCHINSON CANCER INSTITUTE,Acute Care Hospitals,825 EASTLAKE AVENUE EAST,SEATTLE,WA,98109,KING,PCH_7_ELIGCASES,SSI - Abdominal Hysterectomy: Predicted Cases,Not Available,5,07/01/2024,06/30/2025
500138,FRED HUTCHINSON CANCER INSTITUTE,Acute Care Hospitals,825 EASTLAKE AVENUE EAST,SEATTLE,WA,98109,KING,PCH_7_NUMERATOR,SSI - Abdominal Hysterectomy: Actual Infections,Not Available,5,07/01/2024,06/30/2025
500138,FRED HUTCHINSON CANCER INSTITUTE,Acute Care Hospitals,825 EASTLAKE AVENUE EAST,SEATTLE,WA,98109,KING,PCH_7_SIR,SSI - Abdominal Hysterectomy: SIR,Not Available,5,07/01/2024,06/30/2025
